<?xml version="1.0" encoding="UTF-8"?>
<manifest xmlns="http://www.imsproject.org/xsd/imscp_rootv1p1p2" identifier="3" version="1.0" xmlns:adlcp="http://www.adlnet.org/xsd/adlcp_rootv1p2" xmlns:xsi="http://www.w3.org/2001/XMLSchema-instance" xsi:schemaLocation="http://www.imsproject.org/xsd/imscp_rootv1p1p2 imscp_rootv1p1p2.xsd http://www.imsglobal.org/xsd/imsmd_rootv1p2p1 imsmd_rootv1p2p1.xsd http://www.adlnet.org/xsd/adlcp_rootv1p2 adlcp_rootv1p2.xsd"><metadata><schema>ADL SCORM</schema><schemaversion>1.2</schemaversion><lom xmlns="http://www.imsglobal.org/xsd/imsmd_rootv1p2p1" xmlns:adlseq="http://www.adlnet.org/xsd/adlseq_v1p3" xmlns:xsi="http://www.w3.org/2001/XMLSchema-instance" xsi:schemaLocation="http://www.imsglobal.org/xsd/imsmd_rootv1p2p1 imsmd_rootv1p2p1.xsd"><general><title><langstring xml:lang="x-none">Module 3: Uniform Guidance Administrative Requirements</langstring></title><catalogentry><catalog>Adobe Captivate Course</catalog><entry><langstring xml:lang="x-none">3</langstring></entry></catalogentry><description><langstring xml:lang="x-none">At the completion of this course, which contains four lessons, you will have knowledge of the Uniform Guidance’s common acronyms, definitions, general provisions, pre- and post-award administrative requirements and subrecipient monitoring and management. The Uniform Guidance is located in Title 2 Part 200 of the Code of Federal Regulations (CFR), references to the appropriate section of Part 200 are provided throughout this course. </langstring></description><keyword><langstring xml:lang="x-none"></langstring></keyword></general><lifecycle><version><langstring xml:lang="x-none">1.3</langstring></version><status><source><langstring xml:lang="x-none">LOMv1.0</langstring></source><value><langstring xml:lang="x-none">Final</langstring></value></status></lifecycle><metametadata><metadatascheme>ADL SCORM 1.2</metadatascheme></metametadata><technical><format>text/html</format><location>.</location></technical><educational><typicallearningtime><datetime>01:02:00</datetime></typicallearningtime></educational><rights><cost><source><langstring xml:lang="x-none">LOMv1.0</langstring></source><value><langstring xml:lang="x-none">no</langstring></value></cost><copyrightandotherrestrictions><source><langstring xml:lang="x-none">LOMv1.0</langstring></source><value><langstring xml:lang="x-none">no</langstring></value></copyrightandotherrestrictions></rights><classification><purpose><source><langstring xml:lang="x-none">LOMv1.0</langstring></source><value><langstring xml:lang="x-none">Idea</langstring></value></purpose><description><langstring xml:lang="x-none">At the completion of this course, which contains four lessons, you will have knowledge of the Uniform Guidance’s common acronyms, definitions, general provisions, pre- and post-award administrative requirements and subrecipient monitoring and management. The Uniform Guidance is located in Title 2 Part 200 of the Code of Federal Regulations (CFR), references to the appropriate section of Part 200 are provided throughout this course. </langstring></description><keyword><langstring xml:lang="x-none">Adobe Captivate</langstring><langstring xml:lang="x-none"></langstring></keyword></classification></lom></metadata><organizations default="3_ORG"><organization identifier="3_ORG"><title>Module 3: Uniform Guidance Administrative Requirements</title><item identifierref="RES-Item_1" identifier="SCO-Item_1"><title>Lesson 1: Acronyms, Definitions, and General Provisions</title><metadata><adlcp:location>Linear_Grants101_M3L1_SCORM1.2_metadata.xml</adlcp:location></metadata><adlcp:maxtimeallowed/><adlcp:datafromlms>.</adlcp:datafromlms><adlcp:masteryscore>80</adlcp:masteryscore><adlcp:timelimitaction>exit,message</adlcp:timelimitaction></item><item identifierref="RES-Item_2" identifier="SCO-Item_2"><title>Lesson 2: Subpart C Pre-Federal Award Requirements and Contents of Federal Awards</title><metadata><adlcp:location>Linear_Grants101_M3L2_SCORM1.2_metadata.xml</adlcp:location></metadata><adlcp:maxtimeallowed/><adlcp:datafromlms>.</adlcp:datafromlms><adlcp:masteryscore>80</adlcp:masteryscore><adlcp:timelimitaction>exit,message</adlcp:timelimitaction></item><item identifierref="RES-Item_3" identifier="SCO-Item_3"><title>Lesson 3: Post Federal Award Requirements</title><metadata><adlcp:location>Linear_Grants101_M3L3_SCORM1.2_metadata.xml</adlcp:location></metadata><adlcp:maxtimeallowed/><adlcp:datafromlms>.</adlcp:datafromlms><adlcp:masteryscore>80</adlcp:masteryscore><adlcp:timelimitaction>exit,message</adlcp:timelimitaction></item><item identifierref="RES-Item_4" identifier="SCO-Item_4"><title>Lesson 4: Subrecipient Monitoring and Management</title><metadata><adlcp:location>Linear_Grants101_M3L4_SCORM1.2_metadata.xml</adlcp:location></metadata><adlcp:maxtimeallowed/><adlcp:datafromlms>.</adlcp:datafromlms><adlcp:masteryscore>80</adlcp:masteryscore><adlcp:timelimitaction>exit,message</adlcp:timelimitaction></item></organization></organizations><resources><resource href="Linear/Grants101_M3L1_SCORM1.2/Grants101_M3L1_SCORM1.2.htm" adlcp:scormtype="sco" type="webcontent" identifier="RES-Item_1"><file href="Linear/Grants101_M3L1_SCORM1.2/Grants101_M3L1_SCORM1.2.swf"/><file href="Linear/Grants101_M3L1_SCORM1.2/Grants101_M3L1_SCORM1.2.htm"/><file href="Linear/Grants101_M3L1_SCORM1.2/scormdriver.js"/><file href="Linear/Grants101_M3L1_SCORM1.2/browsersniff.js"/><file href="Linear/Grants101_M3L1_SCORM1.2/SCORM_utilities.js"/><file href="Linear/Grants101_M3L1_SCORM1.2/Utilities.js"/><file href="Linear/Grants101_M3L1_SCORM1.2/standard.js"/><file href="Linear/Grants101_M3L1_SCORM1.2/captivate.css"/></resource><resource href="Linear/Grants101_M3L2_SCORM1.2/Grants101_M3L2_SCORM1.2.htm" adlcp:scormtype="sco" type="webcontent" identifier="RES-Item_2"><file href="Linear/Grants101_M3L2_SCORM1.2/Grants101_M3L2_SCORM1.2.swf"/><file href="Linear/Grants101_M3L2_SCORM1.2/Grants101_M3L2_SCORM1.2.htm"/><file href="Linear/Grants101_M3L2_SCORM1.2/scormdriver.js"/><file href="Linear/Grants101_M3L2_SCORM1.2/browsersniff.js"/><file href="Linear/Grants101_M3L2_SCORM1.2/SCORM_utilities.js"/><file href="Linear/Grants101_M3L2_SCORM1.2/Utilities.js"/><file href="Linear/Grants101_M3L2_SCORM1.2/standard.js"/><file href="Linear/Grants101_M3L2_SCORM1.2/captivate.css"/></resource><resource href="Linear/Grants101_M3L3_SCORM1.2/Grants101_M3L3_SCORM1.2.htm" adlcp:scormtype="sco" type="webcontent" identifier="RES-Item_3"><file href="Linear/Grants101_M3L3_SCORM1.2/Grants101_M3L3_SCORM1.2.swf"/><file href="Linear/Grants101_M3L3_SCORM1.2/Grants101_M3L3_SCORM1.2.htm"/><file href="Linear/Grants101_M3L3_SCORM1.2/scormdriver.js"/><file href="Linear/Grants101_M3L3_SCORM1.2/browsersniff.js"/><file href="Linear/Grants101_M3L3_SCORM1.2/SCORM_utilities.js"/><file href="Linear/Grants101_M3L3_SCORM1.2/Utilities.js"/><file href="Linear/Grants101_M3L3_SCORM1.2/standard.js"/><file href="Linear/Grants101_M3L3_SCORM1.2/captivate.css"/></resource><resource href="Linear/Grants101_M3L4_SCORM1.2/Grants101_M3L4_SCORM1.2.htm" adlcp:scormtype="sco" type="webcontent" identifier="RES-Item_4"><file href="Linear/Grants101_M3L4_SCORM1.2/Grants101_M3L4_SCORM1.2.swf"/><file href="Linear/Grants101_M3L4_SCORM1.2/Grants101_M3L4_SCORM1.2.htm"/><file href="Linear/Grants101_M3L4_SCORM1.2/scormdriver.js"/><file href="Linear/Grants101_M3L4_SCORM1.2/browsersniff.js"/><file href="Linear/Grants101_M3L4_SCORM1.2/SCORM_utilities.js"/><file href="Linear/Grants101_M3L4_SCORM1.2/Utilities.js"/><file href="Linear/Grants101_M3L4_SCORM1.2/standard.js"/><file href="Linear/Grants101_M3L4_SCORM1.2/captivate.css"/></resource></resources></manifest>