<?xml version="1.0" encoding="UTF-8"?><manifest xmlns="http://www.imsproject.org/xsd/imscp_rootv1p1p2" xmlns:imsmd="http://www.imsglobal.org/xsd/imsmd_rootv1p2p1" xmlns:xsi="http://www.w3.org/2001/XMLSchema-instance" xmlns:adlcp="http://www.adlnet.org/xsd/adlcp_rootv1p2" identifier="MANIFEST-Grants101Module1:Laws,Regulations,andGuidance001" xsi:schemaLocation="http://www.imsproject.org/xsd/imscp_rootv1p1p2 imscp_rootv1p1p2.xsd http://www.imsglobal.org/xsd/imsmd_rootv1p2p1 imsmd_rootv1p2p1.xsd http://www.adlnet.org/xsd/adlcp_rootv1p2 adlcp_rootv1p2.xsd"> 
<organizations default="ORG-Grants101Module1:Laws,Regulations,andGuidance0001">
<organization identifier="ORG-Grants101Module1:Laws,Regulations,andGuidance0001" structure="hierarchical">
<title>Grants 101 Module 1: Laws, Regulations, and Guidance</title>
<item identifier="ITEM-Grants101Module1:Laws,Regulations,andGuidance0001SCO" isvisible="true" identifierref="RES-Grants101Module1:Laws,Regulations,andGuidanceSCO1">
<title>Grants 101 Module 1: Laws, Regulations, and Guidance</title>
</item>
<metadata>
<schema>ADL SCORM</schema>
<schemaversion>1.2</schemaversion>
<adlcp:location>index.xml</adlcp:location>
</metadata>
</organization>
</organizations>
<resources>
	<resource identifier="RES-Grants101Module1:Laws,Regulations,andGuidanceSCO1" type="webcontent" adlcp:scormtype="sco" href="index.htm">
		<file href="Module1/index.htm"/>
	</resource>
	<resource identifier="RES-Grants101Module1:Laws,Regulations,andGuidance-1" type="webcontent" adlcp:scormtype="asset" href="css/main.css">
		<file href="css/main.css"/>
	</resource>
	<resource identifier="RES-Grants101Module1:Laws,Regulations,andGuidance-2" type="webcontent" adlcp:scormtype="asset" href="css/print.css">
		<file href="css/print.css"/>
	</resource>
	<resource identifier="RES-Grants101Module1:Laws,Regulations,andGuidance-3" type="webcontent" adlcp:scormtype="asset" href="css/print_main.css">
		<file href="css/print_main.css"/>
	</resource>
	<resource identifier="RES-Grants101Module1:Laws,Regulations,andGuidance-4" type="webcontent" adlcp:scormtype="asset" href="css/styles.css">
		<file href="css/styles.css"/>
	</resource>
	<resource identifier="RES-Grants101Module1:Laws,Regulations,andGuidance-5" type="webcontent" adlcp:scormtype="asset" href="css/styles_admin.css">
		<file href="css/styles_admin.css"/>
	</resource>
	<resource identifier="RES-Grants101Module1:Laws,Regulations,andGuidance-6" type="webcontent" adlcp:scormtype="asset" href="css/styles_course.css">
		<file href="css/styles_course.css"/>
	</resource>
	<resource identifier="RES-Grants101Module1:Laws,Regulations,andGuidance-7" type="webcontent" adlcp:scormtype="asset" href="css/styles_main.css">
		<file href="css/styles_main.css"/>
	</resource>
	<resource identifier="RES-Grants101Module1:Laws,Regulations,andGuidance-8" type="webcontent" adlcp:scormtype="asset" href="images/btn_audio_dm.jpg">
		<file href="images/btn_audio_dm.jpg"/>
	</resource>
	<resource identifier="RES-Grants101Module1:Laws,Regulations,andGuidance-9" type="webcontent" adlcp:scormtype="asset" href="images/btn_audio_ov.jpg">
		<file href="images/btn_audio_ov.jpg"/>
	</resource>
	<resource identifier="RES-Grants101Module1:Laws,Regulations,andGuidance-10" type="webcontent" adlcp:scormtype="asset" href="images/btn_audio_up.jpg">
		<file href="images/btn_audio_up.jpg"/>
	</resource>
	<resource identifier="RES-Grants101Module1:Laws,Regulations,andGuidance-11" type="webcontent" adlcp:scormtype="asset" href="images/btn_back_dm.jpg">
		<file href="images/btn_back_dm.jpg"/>
	</resource>
	<resource identifier="RES-Grants101Module1:Laws,Regulations,andGuidance-12" type="webcontent" adlcp:scormtype="asset" href="images/btn_back_ov.jpg">
		<file href="images/btn_back_ov.jpg"/>
	</resource>
	<resource identifier="RES-Grants101Module1:Laws,Regulations,andGuidance-13" type="webcontent" adlcp:scormtype="asset" href="images/btn_back_up.jpg">
		<file href="images/btn_back_up.jpg"/>
	</resource>
	<resource identifier="RES-Grants101Module1:Laws,Regulations,andGuidance-14" type="webcontent" adlcp:scormtype="asset" href="images/btn_cc_dm.jpg">
		<file href="images/btn_cc_dm.jpg"/>
	</resource>
	<resource identifier="RES-Grants101Module1:Laws,Regulations,andGuidance-15" type="webcontent" adlcp:scormtype="asset" href="images/btn_cc_ov.jpg">
		<file href="images/btn_cc_ov.jpg"/>
	</resource>
	<resource identifier="RES-Grants101Module1:Laws,Regulations,andGuidance-16" type="webcontent" adlcp:scormtype="asset" href="images/btn_cc_up.jpg">
		<file href="images/btn_cc_up.jpg"/>
	</resource>
	<resource identifier="RES-Grants101Module1:Laws,Regulations,andGuidance-17" type="webcontent" adlcp:scormtype="asset" href="images/btn_exit_dm.jpg">
		<file href="images/btn_exit_dm.jpg"/>
	</resource>
	<resource identifier="RES-Grants101Module1:Laws,Regulations,andGuidance-18" type="webcontent" adlcp:scormtype="asset" href="images/btn_exit_ov.jpg">
		<file href="images/btn_exit_ov.jpg"/>
	</resource>
	<resource identifier="RES-Grants101Module1:Laws,Regulations,andGuidance-19" type="webcontent" adlcp:scormtype="asset" href="images/btn_exit_up.jpg">
		<file href="images/btn_exit_up.jpg"/>
	</resource>
	<resource identifier="RES-Grants101Module1:Laws,Regulations,andGuidance-20" type="webcontent" adlcp:scormtype="asset" href="images/btn_glossary_dm.jpg">
		<file href="images/btn_glossary_dm.jpg"/>
	</resource>
	<resource identifier="RES-Grants101Module1:Laws,Regulations,andGuidance-21" type="webcontent" adlcp:scormtype="asset" href="images/btn_glossary_ov.jpg">
		<file href="images/btn_glossary_ov.jpg"/>
	</resource>
	<resource identifier="RES-Grants101Module1:Laws,Regulations,andGuidance-22" type="webcontent" adlcp:scormtype="asset" href="images/btn_glossary_up.jpg">
		<file href="images/btn_glossary_up.jpg"/>
	</resource>
	<resource identifier="RES-Grants101Module1:Laws,Regulations,andGuidance-23" type="webcontent" adlcp:scormtype="asset" href="images/btn_home_dm.jpg">
		<file href="images/btn_home_dm.jpg"/>
	</resource>
	<resource identifier="RES-Grants101Module1:Laws,Regulations,andGuidance-24" type="webcontent" adlcp:scormtype="asset" href="images/btn_home_ov.jpg">
		<file href="images/btn_home_ov.jpg"/>
	</resource>
	<resource identifier="RES-Grants101Module1:Laws,Regulations,andGuidance-25" type="webcontent" adlcp:scormtype="asset" href="images/btn_home_up.jpg">
		<file href="images/btn_home_up.jpg"/>
	</resource>
	<resource identifier="RES-Grants101Module1:Laws,Regulations,andGuidance-26" type="webcontent" adlcp:scormtype="asset" href="images/btn_index_dm.jpg">
		<file href="images/btn_index_dm.jpg"/>
	</resource>
	<resource identifier="RES-Grants101Module1:Laws,Regulations,andGuidance-27" type="webcontent" adlcp:scormtype="asset" href="images/btn_index_ov.jpg">
		<file href="images/btn_index_ov.jpg"/>
	</resource>
	<resource identifier="RES-Grants101Module1:Laws,Regulations,andGuidance-28" type="webcontent" adlcp:scormtype="asset" href="images/btn_index_up.jpg">
		<file href="images/btn_index_up.jpg"/>
	</resource>
	<resource identifier="RES-Grants101Module1:Laws,Regulations,andGuidance-29" type="webcontent" adlcp:scormtype="asset" href="images/btn_next_dm.jpg">
		<file href="images/btn_next_dm.jpg"/>
	</resource>
	<resource identifier="RES-Grants101Module1:Laws,Regulations,andGuidance-30" type="webcontent" adlcp:scormtype="asset" href="images/btn_next_ov.jpg">
		<file href="images/btn_next_ov.jpg"/>
	</resource>
	<resource identifier="RES-Grants101Module1:Laws,Regulations,andGuidance-31" type="webcontent" adlcp:scormtype="asset" href="images/btn_next_up.jpg">
		<file href="images/btn_next_up.jpg"/>
	</resource>
	<resource identifier="RES-Grants101Module1:Laws,Regulations,andGuidance-32" type="webcontent" adlcp:scormtype="asset" href="images/btn_reference_dm.jpg">
		<file href="images/btn_reference_dm.jpg"/>
	</resource>
	<resource identifier="RES-Grants101Module1:Laws,Regulations,andGuidance-33" type="webcontent" adlcp:scormtype="asset" href="images/btn_reference_ov.jpg">
		<file href="images/btn_reference_ov.jpg"/>
	</resource>
	<resource identifier="RES-Grants101Module1:Laws,Regulations,andGuidance-34" type="webcontent" adlcp:scormtype="asset" href="images/btn_reference_up.jpg">
		<file href="images/btn_reference_up.jpg"/>
	</resource>
	<resource identifier="RES-Grants101Module1:Laws,Regulations,andGuidance-35" type="webcontent" adlcp:scormtype="asset" href="images/bullet_completed.gif">
		<file href="images/bullet_completed.gif"/>
	</resource>
	<resource identifier="RES-Grants101Module1:Laws,Regulations,andGuidance-36" type="webcontent" adlcp:scormtype="asset" href="images/bullet_not_started.gif">
		<file href="images/bullet_not_started.gif"/>
	</resource>
	<resource identifier="RES-Grants101Module1:Laws,Regulations,andGuidance-37" type="webcontent" adlcp:scormtype="asset" href="images/bullet_started.gif">
		<file href="images/bullet_started.gif"/>
	</resource>
	<resource identifier="RES-Grants101Module1:Laws,Regulations,andGuidance-38" type="webcontent" adlcp:scormtype="asset" href="images/FGM101_background.jpg">
		<file href="images/FGM101_background.jpg"/>
	</resource>
	<resource identifier="RES-Grants101Module1:Laws,Regulations,andGuidance-39" type="webcontent" adlcp:scormtype="asset" href="images/FGM101_header.jpg">
		<file href="images/FGM101_header.jpg"/>
	</resource>
	<resource identifier="RES-Grants101Module1:Laws,Regulations,andGuidance-40" type="webcontent" adlcp:scormtype="asset" href="images/FGM101_KC.jpg">
		<file href="images/FGM101_KC.jpg"/>
	</resource>
	<resource identifier="RES-Grants101Module1:Laws,Regulations,andGuidance-41" type="webcontent" adlcp:scormtype="asset" href="images/FGM101_nav_divider.jpg">
		<file href="images/FGM101_nav_divider.jpg"/>
	</resource>
	<resource identifier="RES-Grants101Module1:Laws,Regulations,andGuidance-42" type="webcontent" adlcp:scormtype="asset" href="images/FGM101_Objectives.jpg">
		<file href="images/FGM101_Objectives.jpg"/>
	</resource>
	<resource identifier="RES-Grants101Module1:Laws,Regulations,andGuidance-43" type="webcontent" adlcp:scormtype="asset" href="images/FGM101_PopupWindow.jpg">
		<file href="images/FGM101_PopupWindow.jpg"/>
	</resource>
	<resource identifier="RES-Grants101Module1:Laws,Regulations,andGuidance-44" type="webcontent" adlcp:scormtype="asset" href="images/header_Login_Welcome.png">
		<file href="images/header_Login_Welcome.png"/>
	</resource>
	<resource identifier="RES-Grants101Module1:Laws,Regulations,andGuidance-45" type="webcontent" adlcp:scormtype="asset" href="images/Progress_Bar.png">
		<file href="images/Progress_Bar.png"/>
	</resource>
	<resource identifier="RES-Grants101Module1:Laws,Regulations,andGuidance-46" type="webcontent" adlcp:scormtype="asset" href="images/Progress_Indicator.png">
		<file href="images/Progress_Indicator.png"/>
	</resource>
	<resource identifier="RES-Grants101Module1:Laws,Regulations,andGuidance-47" type="webcontent" adlcp:scormtype="asset" href="images/Thumbs.db">
		<file href="images/Thumbs.db"/>
	</resource>
	<resource identifier="RES-Grants101Module1:Laws,Regulations,andGuidance-48" type="webcontent" adlcp:scormtype="asset" href="images/xg.jpg">
		<file href="images/xg.jpg"/>
	</resource>
	<resource identifier="RES-Grants101Module1:Laws,Regulations,andGuidance-49" type="webcontent" adlcp:scormtype="asset" href="images/header_background/FGM101_background.jpg">
		<file href="images/header_background/FGM101_background.jpg"/>
	</resource>
	<resource identifier="RES-Grants101Module1:Laws,Regulations,andGuidance-50" type="webcontent" adlcp:scormtype="asset" href="images/header_background/FGM101_header.jpg">
		<file href="images/header_background/FGM101_header.jpg"/>
	</resource>
	<resource identifier="RES-Grants101Module1:Laws,Regulations,andGuidance-51" type="webcontent" adlcp:scormtype="asset" href="images/header_background/Thumbs.db">
		<file href="images/header_background/Thumbs.db"/>
	</resource>
	<resource identifier="RES-Grants101Module1:Laws,Regulations,andGuidance-52" type="webcontent" adlcp:scormtype="asset" href="images/navigation/FGM101_nav_divider.jpg">
		<file href="images/navigation/FGM101_nav_divider.jpg"/>
	</resource>
	<resource identifier="RES-Grants101Module1:Laws,Regulations,andGuidance-53" type="webcontent" adlcp:scormtype="asset" href="images/navigation/Thumbs.db">
		<file href="images/navigation/Thumbs.db"/>
	</resource>
	<resource identifier="RES-Grants101Module1:Laws,Regulations,andGuidance-54" type="webcontent" adlcp:scormtype="asset" href="images/navigation/btns/btn_audio_dm.jpg">
		<file href="images/navigation/btns/btn_audio_dm.jpg"/>
	</resource>
	<resource identifier="RES-Grants101Module1:Laws,Regulations,andGuidance-55" type="webcontent" adlcp:scormtype="asset" href="images/navigation/btns/btn_audio_ov.jpg">
		<file href="images/navigation/btns/btn_audio_ov.jpg"/>
	</resource>
	<resource identifier="RES-Grants101Module1:Laws,Regulations,andGuidance-56" type="webcontent" adlcp:scormtype="asset" href="images/navigation/btns/btn_audio_up.jpg">
		<file href="images/navigation/btns/btn_audio_up.jpg"/>
	</resource>
	<resource identifier="RES-Grants101Module1:Laws,Regulations,andGuidance-57" type="webcontent" adlcp:scormtype="asset" href="images/navigation/btns/btn_back_dm.jpg">
		<file href="images/navigation/btns/btn_back_dm.jpg"/>
	</resource>
	<resource identifier="RES-Grants101Module1:Laws,Regulations,andGuidance-58" type="webcontent" adlcp:scormtype="asset" href="images/navigation/btns/btn_back_ov.jpg">
		<file href="images/navigation/btns/btn_back_ov.jpg"/>
	</resource>
	<resource identifier="RES-Grants101Module1:Laws,Regulations,andGuidance-59" type="webcontent" adlcp:scormtype="asset" href="images/navigation/btns/btn_back_up.jpg">
		<file href="images/navigation/btns/btn_back_up.jpg"/>
	</resource>
	<resource identifier="RES-Grants101Module1:Laws,Regulations,andGuidance-60" type="webcontent" adlcp:scormtype="asset" href="images/navigation/btns/btn_cc_dm.jpg">
		<file href="images/navigation/btns/btn_cc_dm.jpg"/>
	</resource>
	<resource identifier="RES-Grants101Module1:Laws,Regulations,andGuidance-61" type="webcontent" adlcp:scormtype="asset" href="images/navigation/btns/btn_cc_ov.jpg">
		<file href="images/navigation/btns/btn_cc_ov.jpg"/>
	</resource>
	<resource identifier="RES-Grants101Module1:Laws,Regulations,andGuidance-62" type="webcontent" adlcp:scormtype="asset" href="images/navigation/btns/btn_cc_up.jpg">
		<file href="images/navigation/btns/btn_cc_up.jpg"/>
	</resource>
	<resource identifier="RES-Grants101Module1:Laws,Regulations,andGuidance-63" type="webcontent" adlcp:scormtype="asset" href="images/navigation/btns/btn_exit_dm.jpg">
		<file href="images/navigation/btns/btn_exit_dm.jpg"/>
	</resource>
	<resource identifier="RES-Grants101Module1:Laws,Regulations,andGuidance-64" type="webcontent" adlcp:scormtype="asset" href="images/navigation/btns/btn_exit_ov.jpg">
		<file href="images/navigation/btns/btn_exit_ov.jpg"/>
	</resource>
	<resource identifier="RES-Grants101Module1:Laws,Regulations,andGuidance-65" type="webcontent" adlcp:scormtype="asset" href="images/navigation/btns/btn_exit_up.jpg">
		<file href="images/navigation/btns/btn_exit_up.jpg"/>
	</resource>
	<resource identifier="RES-Grants101Module1:Laws,Regulations,andGuidance-66" type="webcontent" adlcp:scormtype="asset" href="images/navigation/btns/btn_glossary_dm.jpg">
		<file href="images/navigation/btns/btn_glossary_dm.jpg"/>
	</resource>
	<resource identifier="RES-Grants101Module1:Laws,Regulations,andGuidance-67" type="webcontent" adlcp:scormtype="asset" href="images/navigation/btns/btn_glossary_ov.jpg">
		<file href="images/navigation/btns/btn_glossary_ov.jpg"/>
	</resource>
	<resource identifier="RES-Grants101Module1:Laws,Regulations,andGuidance-68" type="webcontent" adlcp:scormtype="asset" href="images/navigation/btns/btn_glossary_up.jpg">
		<file href="images/navigation/btns/btn_glossary_up.jpg"/>
	</resource>
	<resource identifier="RES-Grants101Module1:Laws,Regulations,andGuidance-69" type="webcontent" adlcp:scormtype="asset" href="images/navigation/btns/btn_home_dm.jpg">
		<file href="images/navigation/btns/btn_home_dm.jpg"/>
	</resource>
	<resource identifier="RES-Grants101Module1:Laws,Regulations,andGuidance-70" type="webcontent" adlcp:scormtype="asset" href="images/navigation/btns/btn_home_ov.jpg">
		<file href="images/navigation/btns/btn_home_ov.jpg"/>
	</resource>
	<resource identifier="RES-Grants101Module1:Laws,Regulations,andGuidance-71" type="webcontent" adlcp:scormtype="asset" href="images/navigation/btns/btn_home_up.jpg">
		<file href="images/navigation/btns/btn_home_up.jpg"/>
	</resource>
	<resource identifier="RES-Grants101Module1:Laws,Regulations,andGuidance-72" type="webcontent" adlcp:scormtype="asset" href="images/navigation/btns/btn_index_dm.jpg">
		<file href="images/navigation/btns/btn_index_dm.jpg"/>
	</resource>
	<resource identifier="RES-Grants101Module1:Laws,Regulations,andGuidance-73" type="webcontent" adlcp:scormtype="asset" href="images/navigation/btns/btn_index_ov.jpg">
		<file href="images/navigation/btns/btn_index_ov.jpg"/>
	</resource>
	<resource identifier="RES-Grants101Module1:Laws,Regulations,andGuidance-74" type="webcontent" adlcp:scormtype="asset" href="images/navigation/btns/btn_index_up.jpg">
		<file href="images/navigation/btns/btn_index_up.jpg"/>
	</resource>
	<resource identifier="RES-Grants101Module1:Laws,Regulations,andGuidance-75" type="webcontent" adlcp:scormtype="asset" href="images/navigation/btns/btn_next_dm.jpg">
		<file href="images/navigation/btns/btn_next_dm.jpg"/>
	</resource>
	<resource identifier="RES-Grants101Module1:Laws,Regulations,andGuidance-76" type="webcontent" adlcp:scormtype="asset" href="images/navigation/btns/btn_next_ov.jpg">
		<file href="images/navigation/btns/btn_next_ov.jpg"/>
	</resource>
	<resource identifier="RES-Grants101Module1:Laws,Regulations,andGuidance-77" type="webcontent" adlcp:scormtype="asset" href="images/navigation/btns/btn_next_up.jpg">
		<file href="images/navigation/btns/btn_next_up.jpg"/>
	</resource>
	<resource identifier="RES-Grants101Module1:Laws,Regulations,andGuidance-78" type="webcontent" adlcp:scormtype="asset" href="images/navigation/btns/btn_reference_dm.jpg">
		<file href="images/navigation/btns/btn_reference_dm.jpg"/>
	</resource>
	<resource identifier="RES-Grants101Module1:Laws,Regulations,andGuidance-79" type="webcontent" adlcp:scormtype="asset" href="images/navigation/btns/btn_reference_ov.jpg">
		<file href="images/navigation/btns/btn_reference_ov.jpg"/>
	</resource>
	<resource identifier="RES-Grants101Module1:Laws,Regulations,andGuidance-80" type="webcontent" adlcp:scormtype="asset" href="images/navigation/btns/btn_reference_up.jpg">
		<file href="images/navigation/btns/btn_reference_up.jpg"/>
	</resource>
	<resource identifier="RES-Grants101Module1:Laws,Regulations,andGuidance-81" type="webcontent" adlcp:scormtype="asset" href="images/navigation/btns/Thumbs.db">
		<file href="images/navigation/btns/Thumbs.db"/>
	</resource>
	<resource identifier="RES-Grants101Module1:Laws,Regulations,andGuidance-82" type="webcontent" adlcp:scormtype="asset" href="images/screen_info/FGM101_font_color_info.jpg">
		<file href="images/screen_info/FGM101_font_color_info.jpg"/>
	</resource>
	<resource identifier="RES-Grants101Module1:Laws,Regulations,andGuidance-83" type="webcontent" adlcp:scormtype="asset" href="images/screen_info/FGM101_placementGuide.jpg">
		<file href="images/screen_info/FGM101_placementGuide.jpg"/>
	</resource>
	<resource identifier="RES-Grants101Module1:Laws,Regulations,andGuidance-84" type="webcontent" adlcp:scormtype="asset" href="images/screen_info/pg2.jpg">
		<file href="images/screen_info/pg2.jpg"/>
	</resource>
	<resource identifier="RES-Grants101Module1:Laws,Regulations,andGuidance-85" type="webcontent" adlcp:scormtype="asset" href="images/screen_info/Thumbs.db">
		<file href="images/screen_info/Thumbs.db"/>
	</resource>
	<resource identifier="RES-Grants101Module1:Laws,Regulations,andGuidance-87" type="webcontent" adlcp:scormtype="asset" href="Module1/APIWrapper.js">
		<file href="Module1/APIWrapper.js"/>
	</resource>
	<resource identifier="RES-Grants101Module1:Laws,Regulations,andGuidance-88" type="webcontent" adlcp:scormtype="asset" href="Module1/APIWrapper_bd.js">
		<file href="Module1/APIWrapper_bd.js"/>
	</resource>
	<resource identifier="RES-Grants101Module1:Laws,Regulations,andGuidance-89" type="webcontent" adlcp:scormtype="asset" href="Module1/dtm.htm">
		<file href="Module1/dtm.htm"/>
	</resource>
	<resource identifier="RES-Grants101Module1:Laws,Regulations,andGuidance-93" type="webcontent" adlcp:scormtype="asset" href="Module1/index.htm">
		<file href="Module1/index.htm"/>
	</resource>
	<resource identifier="RES-Grants101Module1:Laws,Regulations,andGuidance-94" type="webcontent" adlcp:scormtype="asset" href="Module1/index.xml">
		<file href="Module1/index.xml"/>
	</resource>
	<resource identifier="RES-Grants101Module1:Laws,Regulations,andGuidance-95" type="webcontent" adlcp:scormtype="asset" href="Module1/loading-in-progress.htm">
		<file href="Module1/loading-in-progress.htm"/>
	</resource>
	<resource identifier="RES-Grants101Module1:Laws,Regulations,andGuidance-96" type="webcontent" adlcp:scormtype="asset" href="Module1/pageNumbering.htm">
		<file href="Module1/pageNumbering.htm"/>
	</resource>
	<resource identifier="RES-Grants101Module1:Laws,Regulations,andGuidance-97" type="webcontent" adlcp:scormtype="asset" href="Module1/audio/AS1.mp3">
		<file href="Module1/audio/AS1.mp3"/>
	</resource>
	<resource identifier="RES-Grants101Module1:Laws,Regulations,andGuidance-98" type="webcontent" adlcp:scormtype="asset" href="Module1/captions/c1.vtt">
		<file href="Module1/captions/c1.vtt"/>
	</resource>
	<resource identifier="RES-Grants101Module1:Laws,Regulations,andGuidance-99" type="webcontent" adlcp:scormtype="asset" href="Module1/captions/c1.xml">
		<file href="Module1/captions/c1.xml"/>
	</resource>
	<resource identifier="RES-Grants101Module1:Laws,Regulations,andGuidance-100" type="webcontent" adlcp:scormtype="asset" href="Module1/flash/player.swf">
		<file href="Module1/flash/player.swf"/>
	</resource>
	<resource identifier="RES-Grants101Module1:Laws,Regulations,andGuidance-101" type="webcontent" adlcp:scormtype="asset" href="Module1/Lesson1/00000.htm">
		<file href="Module1/Lesson1/00000.htm"/>
	</resource>
	<resource identifier="RES-Grants101Module1:Laws,Regulations,andGuidance-102" type="webcontent" adlcp:scormtype="asset" href="Module1/Lesson1/00010.htm">
		<file href="Module1/Lesson1/00010.htm"/>
	</resource>
	<resource identifier="RES-Grants101Module1:Laws,Regulations,andGuidance-103" type="webcontent" adlcp:scormtype="asset" href="Module1/Lesson1/00100.htm">
		<file href="Module1/Lesson1/00100.htm"/>
	</resource>
	<resource identifier="RES-Grants101Module1:Laws,Regulations,andGuidance-104" type="webcontent" adlcp:scormtype="asset" href="Module1/Lesson1/00200.htm">
		<file href="Module1/Lesson1/00200.htm"/>
	</resource>
	<resource identifier="RES-Grants101Module1:Laws,Regulations,andGuidance-105" type="webcontent" adlcp:scormtype="asset" href="Module1/Lesson1/00300.htm">
		<file href="Module1/Lesson1/00300.htm"/>
	</resource>
	<resource identifier="RES-Grants101Module1:Laws,Regulations,andGuidance-106" type="webcontent" adlcp:scormtype="asset" href="Module1/Lesson1/00400.htm">
		<file href="Module1/Lesson1/00400.htm"/>
	</resource>
	<resource identifier="RES-Grants101Module1:Laws,Regulations,andGuidance-107" type="webcontent" adlcp:scormtype="asset" href="Module1/Lesson1/00500.htm">
		<file href="Module1/Lesson1/00500.htm"/>
	</resource>
	<resource identifier="RES-Grants101Module1:Laws,Regulations,andGuidance-108" type="webcontent" adlcp:scormtype="asset" href="Module1/Lesson1/00600.htm">
		<file href="Module1/Lesson1/00600.htm"/>
	</resource>
	<resource identifier="RES-Grants101Module1:Laws,Regulations,andGuidance-109" type="webcontent" adlcp:scormtype="asset" href="Module1/Lesson1/00700.htm">
		<file href="Module1/Lesson1/00700.htm"/>
	</resource>
	<resource identifier="RES-Grants101Module1:Laws,Regulations,andGuidance-110" type="webcontent" adlcp:scormtype="asset" href="Module1/Lesson1/00800.htm">
		<file href="Module1/Lesson1/00800.htm"/>
	</resource>
	<resource identifier="RES-Grants101Module1:Laws,Regulations,andGuidance-111" type="webcontent" adlcp:scormtype="asset" href="Module1/Lesson1/00900.htm">
		<file href="Module1/Lesson1/00900.htm"/>
	</resource>
	<resource identifier="RES-Grants101Module1:Laws,Regulations,andGuidance-112" type="webcontent" adlcp:scormtype="asset" href="Module1/Lesson1/01000.htm">
		<file href="Module1/Lesson1/01000.htm"/>
	</resource>
	<resource identifier="RES-Grants101Module1:Laws,Regulations,andGuidance-113" type="webcontent" adlcp:scormtype="asset" href="Module1/Lesson1/01100.htm">
		<file href="Module1/Lesson1/01100.htm"/>
	</resource>
	<resource identifier="RES-Grants101Module1:Laws,Regulations,andGuidance-114" type="webcontent" adlcp:scormtype="asset" href="Module1/Lesson1/01200.htm">
		<file href="Module1/Lesson1/01200.htm"/>
	</resource>
	<resource identifier="RES-Grants101Module1:Laws,Regulations,andGuidance-115" type="webcontent" adlcp:scormtype="asset" href="Module1/Lesson1/01300.htm">
		<file href="Module1/Lesson1/01300.htm"/>
	</resource>
	<resource identifier="RES-Grants101Module1:Laws,Regulations,andGuidance-116" type="webcontent" adlcp:scormtype="asset" href="Module1/Lesson1/01400.htm">
		<file href="Module1/Lesson1/01400.htm"/>
	</resource>
	<resource identifier="RES-Grants101Module1:Laws,Regulations,andGuidance-117" type="webcontent" adlcp:scormtype="asset" href="Module1/Lesson1/01500.htm">
		<file href="Module1/Lesson1/01500.htm"/>
	</resource>
	<resource identifier="RES-Grants101Module1:Laws,Regulations,andGuidance-118" type="webcontent" adlcp:scormtype="asset" href="Module1/Lesson1/01600.htm">
		<file href="Module1/Lesson1/01600.htm"/>
	</resource>
	<resource identifier="RES-Grants101Module1:Laws,Regulations,andGuidance-119" type="webcontent" adlcp:scormtype="asset" href="Module1/Lesson1/01700.htm">
		<file href="Module1/Lesson1/01700.htm"/>
	</resource>
	<resource identifier="RES-Grants101Module1:Laws,Regulations,andGuidance-120" type="webcontent" adlcp:scormtype="asset" href="Module1/Lesson1/01800.htm">
		<file href="Module1/Lesson1/01800.htm"/>
	</resource>
	<resource identifier="RES-Grants101Module1:Laws,Regulations,andGuidance-121" type="webcontent" adlcp:scormtype="asset" href="Module1/Lesson1/01900.htm">
		<file href="Module1/Lesson1/01900.htm"/>
	</resource>
	<resource identifier="RES-Grants101Module1:Laws,Regulations,andGuidance-122" type="webcontent" adlcp:scormtype="asset" href="Module1/Lesson1/02000.htm">
		<file href="Module1/Lesson1/02000.htm"/>
	</resource>
	<resource identifier="RES-Grants101Module1:Laws,Regulations,andGuidance-123" type="webcontent" adlcp:scormtype="asset" href="Module1/Lesson1/02100.htm">
		<file href="Module1/Lesson1/02100.htm"/>
	</resource>
	<resource identifier="RES-Grants101Module1:Laws,Regulations,andGuidance-124" type="webcontent" adlcp:scormtype="asset" href="Module1/Lesson1/02110.htm">
		<file href="Module1/Lesson1/02110.htm"/>
	</resource>
	<resource identifier="RES-Grants101Module1:Laws,Regulations,andGuidance-125" type="webcontent" adlcp:scormtype="asset" href="Module1/Lesson1/02200.htm">
		<file href="Module1/Lesson1/02200.htm"/>
	</resource>
	<resource identifier="RES-Grants101Module1:Laws,Regulations,andGuidance-126" type="webcontent" adlcp:scormtype="asset" href="Module1/Lesson1/02300.htm">
		<file href="Module1/Lesson1/02300.htm"/>
	</resource>
	<resource identifier="RES-Grants101Module1:Laws,Regulations,andGuidance-127" type="webcontent" adlcp:scormtype="asset" href="Module1/Lesson1/02400.htm">
		<file href="Module1/Lesson1/02400.htm"/>
	</resource>
	<resource identifier="RES-Grants101Module1:Laws,Regulations,andGuidance-128" type="webcontent" adlcp:scormtype="asset" href="Module1/Lesson1/02500.htm">
		<file href="Module1/Lesson1/02500.htm"/>
	</resource>
	<resource identifier="RES-Grants101Module1:Laws,Regulations,andGuidance-129" type="webcontent" adlcp:scormtype="asset" href="Module1/Lesson1/02600.htm">
		<file href="Module1/Lesson1/02600.htm"/>
	</resource>
	<resource identifier="RES-Grants101Module1:Laws,Regulations,andGuidance-130" type="webcontent" adlcp:scormtype="asset" href="Module1/Lesson1/02610.htm">
		<file href="Module1/Lesson1/02610.htm"/>
	</resource>
	<resource identifier="RES-Grants101Module1:Laws,Regulations,andGuidance-131" type="webcontent" adlcp:scormtype="asset" href="Module1/Lesson1/02700.htm">
		<file href="Module1/Lesson1/02700.htm"/>
	</resource>
	<resource identifier="RES-Grants101Module1:Laws,Regulations,andGuidance-132" type="webcontent" adlcp:scormtype="asset" href="Module1/Lesson1/02800.htm">
		<file href="Module1/Lesson1/02800.htm"/>
	</resource>
	<resource identifier="RES-Grants101Module1:Laws,Regulations,andGuidance-133" type="webcontent" adlcp:scormtype="asset" href="Module1/Lesson1/02810.htm">
		<file href="Module1/Lesson1/02810.htm"/>
	</resource>
	<resource identifier="RES-Grants101Module1:Laws,Regulations,andGuidance-134" type="webcontent" adlcp:scormtype="asset" href="Module1/Lesson1/02820.htm">
		<file href="Module1/Lesson1/02820.htm"/>
	</resource>
	<resource identifier="RES-Grants101Module1:Laws,Regulations,andGuidance-135" type="webcontent" adlcp:scormtype="asset" href="Module1/Lesson1/02830.htm">
		<file href="Module1/Lesson1/02830.htm"/>
	</resource>
	<resource identifier="RES-Grants101Module1:Laws,Regulations,andGuidance-136" type="webcontent" adlcp:scormtype="asset" href="Module1/Lesson1/02900.htm">
		<file href="Module1/Lesson1/02900.htm"/>
	</resource>
	<resource identifier="RES-Grants101Module1:Laws,Regulations,andGuidance-137" type="webcontent" adlcp:scormtype="asset" href="Module1/Lesson1/02910.htm">
		<file href="Module1/Lesson1/02910.htm"/>
	</resource>
	<resource identifier="RES-Grants101Module1:Laws,Regulations,andGuidance-138" type="webcontent" adlcp:scormtype="asset" href="Module1/Lesson1/03000.htm">
		<file href="Module1/Lesson1/03000.htm"/>
	</resource>
	<resource identifier="RES-Grants101Module1:Laws,Regulations,andGuidance-139" type="webcontent" adlcp:scormtype="asset" href="Module1/Lesson1/03010.htm">
		<file href="Module1/Lesson1/03010.htm"/>
	</resource>
	<resource identifier="RES-Grants101Module1:Laws,Regulations,andGuidance-140" type="webcontent" adlcp:scormtype="asset" href="Module1/Lesson1/03100.htm">
		<file href="Module1/Lesson1/03100.htm"/>
	</resource>
	<resource identifier="RES-Grants101Module1:Laws,Regulations,andGuidance-141" type="webcontent" adlcp:scormtype="asset" href="Module1/Lesson1/03200.htm">
		<file href="Module1/Lesson1/03200.htm"/>
	</resource>
	<resource identifier="RES-Grants101Module1:Laws,Regulations,andGuidance-142" type="webcontent" adlcp:scormtype="asset" href="Module1/Lesson1/03300.htm">
		<file href="Module1/Lesson1/03300.htm"/>
	</resource>
	<resource identifier="RES-Grants101Module1:Laws,Regulations,andGuidance-143" type="webcontent" adlcp:scormtype="asset" href="Module1/Lesson1/03310.htm">
		<file href="Module1/Lesson1/03310.htm"/>
	</resource>
	<resource identifier="RES-Grants101Module1:Laws,Regulations,andGuidance-144" type="webcontent" adlcp:scormtype="asset" href="Module1/Lesson1/03400.htm">
		<file href="Module1/Lesson1/03400.htm"/>
	</resource>
	<resource identifier="RES-Grants101Module1:Laws,Regulations,andGuidance-145" type="webcontent" adlcp:scormtype="asset" href="Module1/Lesson1/03410.htm">
		<file href="Module1/Lesson1/03410.htm"/>
	</resource>
	<resource identifier="RES-Grants101Module1:Laws,Regulations,andGuidance-146" type="webcontent" adlcp:scormtype="asset" href="Module1/Lesson1/03500.htm">
		<file href="Module1/Lesson1/03500.htm"/>
	</resource>
	<resource identifier="RES-Grants101Module1:Laws,Regulations,andGuidance-147" type="webcontent" adlcp:scormtype="asset" href="Module1/Lesson1/03600.htm">
		<file href="Module1/Lesson1/03600.htm"/>
	</resource>
	<resource identifier="RES-Grants101Module1:Laws,Regulations,andGuidance-148" type="webcontent" adlcp:scormtype="asset" href="Module1/Lesson1/03610.htm">
		<file href="Module1/Lesson1/03610.htm"/>
	</resource>
	<resource identifier="RES-Grants101Module1:Laws,Regulations,andGuidance-149" type="webcontent" adlcp:scormtype="asset" href="Module1/Lesson1/03700.htm">
		<file href="Module1/Lesson1/03700.htm"/>
	</resource>
	<resource identifier="RES-Grants101Module1:Laws,Regulations,andGuidance-150" type="webcontent" adlcp:scormtype="asset" href="Module1/Lesson1/03800.htm">
		<file href="Module1/Lesson1/03800.htm"/>
	</resource>
	<resource identifier="RES-Grants101Module1:Laws,Regulations,andGuidance-151" type="webcontent" adlcp:scormtype="asset" href="Module1/Lesson1/03900.htm">
		<file href="Module1/Lesson1/03900.htm"/>
	</resource>
	<resource identifier="RES-Grants101Module1:Laws,Regulations,andGuidance-152" type="webcontent" adlcp:scormtype="asset" href="Module1/Lesson1/04000.htm">
		<file href="Module1/Lesson1/04000.htm"/>
	</resource>
	<resource identifier="RES-Grants101Module1:Laws,Regulations,andGuidance-153" type="webcontent" adlcp:scormtype="asset" href="Module1/Lesson1/04100.htm">
		<file href="Module1/Lesson1/04100.htm"/>
	</resource>
	<resource identifier="RES-Grants101Module1:Laws,Regulations,andGuidance-154" type="webcontent" adlcp:scormtype="asset" href="Module1/Lesson1/04110.htm">
		<file href="Module1/Lesson1/04110.htm"/>
	</resource>
	<resource identifier="RES-Grants101Module1:Laws,Regulations,andGuidance-155" type="webcontent" adlcp:scormtype="asset" href="Module1/Lesson1/04120.htm">
		<file href="Module1/Lesson1/04120.htm"/>
	</resource>
	<resource identifier="RES-Grants101Module1:Laws,Regulations,andGuidance-156" type="webcontent" adlcp:scormtype="asset" href="Module1/Lesson1/04200.htm">
		<file href="Module1/Lesson1/04200.htm"/>
	</resource>
	<resource identifier="RES-Grants101Module1:Laws,Regulations,andGuidance-157" type="webcontent" adlcp:scormtype="asset" href="Module1/Lesson1/04300.htm">
		<file href="Module1/Lesson1/04300.htm"/>
	</resource>
	<resource identifier="RES-Grants101Module1:Laws,Regulations,andGuidance-158" type="webcontent" adlcp:scormtype="asset" href="Module1/Lesson1/04400.htm">
		<file href="Module1/Lesson1/04400.htm"/>
	</resource>
	<resource identifier="RES-Grants101Module1:Laws,Regulations,andGuidance-159" type="webcontent" adlcp:scormtype="asset" href="Module1/Lesson1/04410.htm">
		<file href="Module1/Lesson1/04410.htm"/>
	</resource>
	<resource identifier="RES-Grants101Module1:Laws,Regulations,andGuidance-160" type="webcontent" adlcp:scormtype="asset" href="Module1/Lesson1/04500.htm">
		<file href="Module1/Lesson1/04500.htm"/>
	</resource>
	<resource identifier="RES-Grants101Module1:Laws,Regulations,andGuidance-161" type="webcontent" adlcp:scormtype="asset" href="Module1/Lesson1/04600.htm">
		<file href="Module1/Lesson1/04600.htm"/>
	</resource>
	<resource identifier="RES-Grants101Module1:Laws,Regulations,andGuidance-162" type="webcontent" adlcp:scormtype="asset" href="Module1/Lesson1/04610.htm">
		<file href="Module1/Lesson1/04610.htm"/>
	</resource>
	<resource identifier="RES-Grants101Module1:Laws,Regulations,andGuidance-163" type="webcontent" adlcp:scormtype="asset" href="Module1/Lesson1/04700.htm">
		<file href="Module1/Lesson1/04700.htm"/>
	</resource>
	<resource identifier="RES-Grants101Module1:Laws,Regulations,andGuidance-164" type="webcontent" adlcp:scormtype="asset" href="Module1/Lesson1/04800.htm">
		<file href="Module1/Lesson1/04800.htm"/>
	</resource>
	<resource identifier="RES-Grants101Module1:Laws,Regulations,andGuidance-165" type="webcontent" adlcp:scormtype="asset" href="Module1/Lesson1/04900.htm">
		<file href="Module1/Lesson1/04900.htm"/>
	</resource>
	<resource identifier="RES-Grants101Module1:Laws,Regulations,andGuidance-166" type="webcontent" adlcp:scormtype="asset" href="Module1/Lesson1/04910.htm">
		<file href="Module1/Lesson1/04910.htm"/>
	</resource>
	<resource identifier="RES-Grants101Module1:Laws,Regulations,andGuidance-167" type="webcontent" adlcp:scormtype="asset" href="Module1/Lesson1/05000.htm">
		<file href="Module1/Lesson1/05000.htm"/>
	</resource>
	<resource identifier="RES-Grants101Module1:Laws,Regulations,andGuidance-168" type="webcontent" adlcp:scormtype="asset" href="Module1/Lesson1/05100.htm">
		<file href="Module1/Lesson1/05100.htm"/>
	</resource>
	<resource identifier="RES-Grants101Module1:Laws,Regulations,andGuidance-169" type="webcontent" adlcp:scormtype="asset" href="Module1/Lesson1/05110.htm">
		<file href="Module1/Lesson1/05110.htm"/>
	</resource>
	<resource identifier="RES-Grants101Module1:Laws,Regulations,andGuidance-170" type="webcontent" adlcp:scormtype="asset" href="Module1/Lesson1/05700.htm">
		<file href="Module1/Lesson1/05700.htm"/>
	</resource>
	<resource identifier="RES-Grants101Module1:Laws,Regulations,andGuidance-171" type="webcontent" adlcp:scormtype="asset" href="Module1/Lesson1/06400.htm">
		<file href="Module1/Lesson1/06400.htm"/>
	</resource>
	<resource identifier="RES-Grants101Module1:Laws,Regulations,andGuidance-172" type="webcontent" adlcp:scormtype="asset" href="Module1/Lesson1/06500.htm">
		<file href="Module1/Lesson1/06500.htm"/>
	</resource>
	<resource identifier="RES-Grants101Module1:Laws,Regulations,andGuidance-173" type="webcontent" adlcp:scormtype="asset" href="Module1/Lesson1/06600.htm">
		<file href="Module1/Lesson1/06600.htm"/>
	</resource>
	<resource identifier="RES-Grants101Module1:Laws,Regulations,andGuidance-174" type="webcontent" adlcp:scormtype="asset" href="Module1/Lesson1/06700.htm">
		<file href="Module1/Lesson1/06700.htm"/>
	</resource>
	<resource identifier="RES-Grants101Module1:Laws,Regulations,andGuidance-175" type="webcontent" adlcp:scormtype="asset" href="Module1/Lesson1/06800.htm">
		<file href="Module1/Lesson1/06800.htm"/>
	</resource>
	<resource identifier="RES-Grants101Module1:Laws,Regulations,andGuidance-176" type="webcontent" adlcp:scormtype="asset" href="Module1/Lesson1/06900.htm">
		<file href="Module1/Lesson1/06900.htm"/>
	</resource>
	<resource identifier="RES-Grants101Module1:Laws,Regulations,andGuidance-177" type="webcontent" adlcp:scormtype="asset" href="Module1/Lesson1/07200.htm">
		<file href="Module1/Lesson1/07200.htm"/>
	</resource>
	<resource identifier="RES-Grants101Module1:Laws,Regulations,andGuidance-178" type="webcontent" adlcp:scormtype="asset" href="Module1/Lesson1/images/entrack.vtt">
		<file href="Module1/Lesson1/images/entrack.vtt"/>
	</resource>
	<resource identifier="RES-Grants101Module1:Laws,Regulations,andGuidance-179" type="webcontent" adlcp:scormtype="asset" href="Module1/Lesson1/images/entrack3.vtt">
		<file href="Module1/Lesson1/images/entrack3.vtt"/>
	</resource>
	<resource identifier="RES-Grants101Module1:Laws,Regulations,andGuidance-180" type="webcontent" adlcp:scormtype="asset" href="Module1/Lesson1/images/FGM_Section02_Objective.mp4">
		<file href="Module1/Lesson1/images/FGM_Section02_Objective.mp4"/>
	</resource>
	<resource identifier="RES-Grants101Module1:Laws,Regulations,andGuidance-181" type="webcontent" adlcp:scormtype="asset" href="Module1/Lesson1/images/FGM_Section02_Objective_eng.vtt">
		<file href="Module1/Lesson1/images/FGM_Section02_Objective_eng.vtt"/>
	</resource>
	<resource identifier="RES-Grants101Module1:Laws,Regulations,andGuidance-182" type="webcontent" adlcp:scormtype="asset" href="Module1/Lesson1/images/FGM_Section03_Objective.mp4">
		<file href="Module1/Lesson1/images/FGM_Section03_Objective.mp4"/>
	</resource>
	<resource identifier="RES-Grants101Module1:Laws,Regulations,andGuidance-183" type="webcontent" adlcp:scormtype="asset" href="Module1/Lesson1/images/FGM101_M1_L1_00100.jpg">
		<file href="Module1/Lesson1/images/FGM101_M1_L1_00100.jpg"/>
	</resource>
	<resource identifier="RES-Grants101Module1:Laws,Regulations,andGuidance-184" type="webcontent" adlcp:scormtype="asset" href="Module1/Lesson1/images/FGM101_M1_L1_00200.jpg">
		<file href="Module1/Lesson1/images/FGM101_M1_L1_00200.jpg"/>
	</resource>
	<resource identifier="RES-Grants101Module1:Laws,Regulations,andGuidance-185" type="webcontent" adlcp:scormtype="asset" href="Module1/Lesson1/images/FGM101_M1_L1_02200.jpg">
		<file href="Module1/Lesson1/images/FGM101_M1_L1_02200.jpg"/>
	</resource>
	<resource identifier="RES-Grants101Module1:Laws,Regulations,andGuidance-186" type="webcontent" adlcp:scormtype="asset" href="Module1/Lesson1/images/FGM101_M1_L1_02300.jpg">
		<file href="Module1/Lesson1/images/FGM101_M1_L1_02300.jpg"/>
	</resource>
	<resource identifier="RES-Grants101Module1:Laws,Regulations,andGuidance-187" type="webcontent" adlcp:scormtype="asset" href="Module1/Lesson1/images/FGM101_M1_L1_02400.jpg">
		<file href="Module1/Lesson1/images/FGM101_M1_L1_02400.jpg"/>
	</resource>
	<resource identifier="RES-Grants101Module1:Laws,Regulations,andGuidance-188" type="webcontent" adlcp:scormtype="asset" href="Module1/Lesson1/images/FGM101_M1_L1_02500.jpg">
		<file href="Module1/Lesson1/images/FGM101_M1_L1_02500.jpg"/>
	</resource>
	<resource identifier="RES-Grants101Module1:Laws,Regulations,andGuidance-189" type="webcontent" adlcp:scormtype="asset" href="Module1/Lesson1/images/FGM101_M1_L1_02600.jpg">
		<file href="Module1/Lesson1/images/FGM101_M1_L1_02600.jpg"/>
	</resource>
	<resource identifier="RES-Grants101Module1:Laws,Regulations,andGuidance-190" type="webcontent" adlcp:scormtype="asset" href="Module1/Lesson1/images/FGM101_M1_L1_02700.jpg">
		<file href="Module1/Lesson1/images/FGM101_M1_L1_02700.jpg"/>
	</resource>
	<resource identifier="RES-Grants101Module1:Laws,Regulations,andGuidance-191" type="webcontent" adlcp:scormtype="asset" href="Module1/Lesson1/images/FGM101_M1_L1_02800.jpg">
		<file href="Module1/Lesson1/images/FGM101_M1_L1_02800.jpg"/>
	</resource>
	<resource identifier="RES-Grants101Module1:Laws,Regulations,andGuidance-192" type="webcontent" adlcp:scormtype="asset" href="Module1/Lesson1/images/FGM101_M1_L1_02900.jpg">
		<file href="Module1/Lesson1/images/FGM101_M1_L1_02900.jpg"/>
	</resource>
	<resource identifier="RES-Grants101Module1:Laws,Regulations,andGuidance-193" type="webcontent" adlcp:scormtype="asset" href="Module1/Lesson1/images/FGM101_M1_L1_03000.jpg">
		<file href="Module1/Lesson1/images/FGM101_M1_L1_03000.jpg"/>
	</resource>
	<resource identifier="RES-Grants101Module1:Laws,Regulations,andGuidance-194" type="webcontent" adlcp:scormtype="asset" href="Module1/Lesson1/images/FGM101_M1_L1_03200.jpg">
		<file href="Module1/Lesson1/images/FGM101_M1_L1_03200.jpg"/>
	</resource>
	<resource identifier="RES-Grants101Module1:Laws,Regulations,andGuidance-195" type="webcontent" adlcp:scormtype="asset" href="Module1/Lesson1/images/FGM101_M1_L1_03300.jpg">
		<file href="Module1/Lesson1/images/FGM101_M1_L1_03300.jpg"/>
	</resource>
	<resource identifier="RES-Grants101Module1:Laws,Regulations,andGuidance-196" type="webcontent" adlcp:scormtype="asset" href="Module1/Lesson1/images/FGM101_M1_L1_S1_04.jpg">
		<file href="Module1/Lesson1/images/FGM101_M1_L1_S1_04.jpg"/>
	</resource>
	<resource identifier="RES-Grants101Module1:Laws,Regulations,andGuidance-197" type="webcontent" adlcp:scormtype="asset" href="Module1/Lesson1/images/FGM101_M1_L1_S1_09.jpg">
		<file href="Module1/Lesson1/images/FGM101_M1_L1_S1_09.jpg"/>
	</resource>
	<resource identifier="RES-Grants101Module1:Laws,Regulations,andGuidance-198" type="webcontent" adlcp:scormtype="asset" href="Module1/Lesson1/images/FGM101_M1_L1_S1_10.jpg">
		<file href="Module1/Lesson1/images/FGM101_M1_L1_S1_10.jpg"/>
	</resource>
	<resource identifier="RES-Grants101Module1:Laws,Regulations,andGuidance-199" type="webcontent" adlcp:scormtype="asset" href="Module1/Lesson1/images/FGM101_M1_L1_S1_11.jpg">
		<file href="Module1/Lesson1/images/FGM101_M1_L1_S1_11.jpg"/>
	</resource>
	<resource identifier="RES-Grants101Module1:Laws,Regulations,andGuidance-200" type="webcontent" adlcp:scormtype="asset" href="Module1/Lesson1/images/FGM101_M1_L1_S1_12.jpg">
		<file href="Module1/Lesson1/images/FGM101_M1_L1_S1_12.jpg"/>
	</resource>
	<resource identifier="RES-Grants101Module1:Laws,Regulations,andGuidance-201" type="webcontent" adlcp:scormtype="asset" href="Module1/Lesson1/images/FGM101_M1_L1_S1_13.jpg">
		<file href="Module1/Lesson1/images/FGM101_M1_L1_S1_13.jpg"/>
	</resource>
	<resource identifier="RES-Grants101Module1:Laws,Regulations,andGuidance-202" type="webcontent" adlcp:scormtype="asset" href="Module1/Lesson1/images/FGM101_M1_L1_S1_14.jpg">
		<file href="Module1/Lesson1/images/FGM101_M1_L1_S1_14.jpg"/>
	</resource>
	<resource identifier="RES-Grants101Module1:Laws,Regulations,andGuidance-203" type="webcontent" adlcp:scormtype="asset" href="Module1/Lesson1/images/FGM101_M1_L1_S1_15.jpg">
		<file href="Module1/Lesson1/images/FGM101_M1_L1_S1_15.jpg"/>
	</resource>
	<resource identifier="RES-Grants101Module1:Laws,Regulations,andGuidance-204" type="webcontent" adlcp:scormtype="asset" href="Module1/Lesson1/images/FGM101_M1_L1_S1_16.jpg">
		<file href="Module1/Lesson1/images/FGM101_M1_L1_S1_16.jpg"/>
	</resource>
	<resource identifier="RES-Grants101Module1:Laws,Regulations,andGuidance-205" type="webcontent" adlcp:scormtype="asset" href="Module1/Lesson1/images/FGM101_M1_L1_S1_17.jpg">
		<file href="Module1/Lesson1/images/FGM101_M1_L1_S1_17.jpg"/>
	</resource>
	<resource identifier="RES-Grants101Module1:Laws,Regulations,andGuidance-206" type="webcontent" adlcp:scormtype="asset" href="Module1/Lesson1/images/FGM101_M1_L1_S1_18.jpg">
		<file href="Module1/Lesson1/images/FGM101_M1_L1_S1_18.jpg"/>
	</resource>
	<resource identifier="RES-Grants101Module1:Laws,Regulations,andGuidance-207" type="webcontent" adlcp:scormtype="asset" href="Module1/Lesson1/images/FGM101_M1_L1_S1_19.jpg">
		<file href="Module1/Lesson1/images/FGM101_M1_L1_S1_19.jpg"/>
	</resource>
	<resource identifier="RES-Grants101Module1:Laws,Regulations,andGuidance-208" type="webcontent" adlcp:scormtype="asset" href="Module1/Lesson1/images/FGM101_M1_L1_S1_20.jpg">
		<file href="Module1/Lesson1/images/FGM101_M1_L1_S1_20.jpg"/>
	</resource>
	<resource identifier="RES-Grants101Module1:Laws,Regulations,andGuidance-209" type="webcontent" adlcp:scormtype="asset" href="Module1/Lesson1/images/FGM101_M1_L1_S1_21.jpg">
		<file href="Module1/Lesson1/images/FGM101_M1_L1_S1_21.jpg"/>
	</resource>
	<resource identifier="RES-Grants101Module1:Laws,Regulations,andGuidance-210" type="webcontent" adlcp:scormtype="asset" href="Module1/Lesson1/images/FGM101_M1_L1_S2_11.jpg">
		<file href="Module1/Lesson1/images/FGM101_M1_L1_S2_11.jpg"/>
	</resource>
	<resource identifier="RES-Grants101Module1:Laws,Regulations,andGuidance-211" type="webcontent" adlcp:scormtype="asset" href="Module1/Lesson1/images/FGM101_M1_L1_S2_12.jpg">
		<file href="Module1/Lesson1/images/FGM101_M1_L1_S2_12.jpg"/>
	</resource>
	<resource identifier="RES-Grants101Module1:Laws,Regulations,andGuidance-212" type="webcontent" adlcp:scormtype="asset" href="Module1/Lesson1/images/FGM101_M1_L1_S2_13.jpg">
		<file href="Module1/Lesson1/images/FGM101_M1_L1_S2_13.jpg"/>
	</resource>
	<resource identifier="RES-Grants101Module1:Laws,Regulations,andGuidance-213" type="webcontent" adlcp:scormtype="asset" href="Module1/Lesson1/images/FGM101_M1_L1_S2_14.jpg">
		<file href="Module1/Lesson1/images/FGM101_M1_L1_S2_14.jpg"/>
	</resource>
	<resource identifier="RES-Grants101Module1:Laws,Regulations,andGuidance-214" type="webcontent" adlcp:scormtype="asset" href="Module1/Lesson1/images/FGM101_M1_L1_S2_15.jpg">
		<file href="Module1/Lesson1/images/FGM101_M1_L1_S2_15.jpg"/>
	</resource>
	<resource identifier="RES-Grants101Module1:Laws,Regulations,andGuidance-215" type="webcontent" adlcp:scormtype="asset" href="Module1/Lesson1/images/FGM101_M1_L1_S2_16.jpg">
		<file href="Module1/Lesson1/images/FGM101_M1_L1_S2_16.jpg"/>
	</resource>
	<resource identifier="RES-Grants101Module1:Laws,Regulations,andGuidance-216" type="webcontent" adlcp:scormtype="asset" href="Module1/Lesson1/images/FGM101_M1_L1_S2_17.jpg">
		<file href="Module1/Lesson1/images/FGM101_M1_L1_S2_17.jpg"/>
	</resource>
	<resource identifier="RES-Grants101Module1:Laws,Regulations,andGuidance-217" type="webcontent" adlcp:scormtype="asset" href="Module1/Lesson1/images/FGM101_M1_L1_S2_18.jpg">
		<file href="Module1/Lesson1/images/FGM101_M1_L1_S2_18.jpg"/>
	</resource>
	<resource identifier="RES-Grants101Module1:Laws,Regulations,andGuidance-218" type="webcontent" adlcp:scormtype="asset" href="Module1/Lesson1/images/FGM101_M1_L1_S2_19.jpg">
		<file href="Module1/Lesson1/images/FGM101_M1_L1_S2_19.jpg"/>
	</resource>
	<resource identifier="RES-Grants101Module1:Laws,Regulations,andGuidance-219" type="webcontent" adlcp:scormtype="asset" href="Module1/Lesson1/images/FGM101_M1_L1_S2_20.jpg">
		<file href="Module1/Lesson1/images/FGM101_M1_L1_S2_20.jpg"/>
	</resource>
	<resource identifier="RES-Grants101Module1:Laws,Regulations,andGuidance-220" type="webcontent" adlcp:scormtype="asset" href="Module1/Lesson1/images/FGM101_M1_L1_S2_21.jpg">
		<file href="Module1/Lesson1/images/FGM101_M1_L1_S2_21.jpg"/>
	</resource>
	<resource identifier="RES-Grants101Module1:Laws,Regulations,andGuidance-221" type="webcontent" adlcp:scormtype="asset" href="Module1/Lesson1/images/FGM101_M1_L1_S2_22.jpg">
		<file href="Module1/Lesson1/images/FGM101_M1_L1_S2_22.jpg"/>
	</resource>
	<resource identifier="RES-Grants101Module1:Laws,Regulations,andGuidance-222" type="webcontent" adlcp:scormtype="asset" href="Module1/Lesson1/images/FGM101_M1_L1_S2_23.jpg">
		<file href="Module1/Lesson1/images/FGM101_M1_L1_S2_23.jpg"/>
	</resource>
	<resource identifier="RES-Grants101Module1:Laws,Regulations,andGuidance-223" type="webcontent" adlcp:scormtype="asset" href="Module1/Lesson1/images/FGM101_M1_L1_S2_24.jpg">
		<file href="Module1/Lesson1/images/FGM101_M1_L1_S2_24.jpg"/>
	</resource>
	<resource identifier="RES-Grants101Module1:Laws,Regulations,andGuidance-224" type="webcontent" adlcp:scormtype="asset" href="Module1/Lesson1/images/FGM101_M1_L1_S2_25.jpg">
		<file href="Module1/Lesson1/images/FGM101_M1_L1_S2_25.jpg"/>
	</resource>
	<resource identifier="RES-Grants101Module1:Laws,Regulations,andGuidance-225" type="webcontent" adlcp:scormtype="asset" href="Module1/Lesson1/images/FGM101_M1_L1_S2_26.jpg">
		<file href="Module1/Lesson1/images/FGM101_M1_L1_S2_26.jpg"/>
	</resource>
	<resource identifier="RES-Grants101Module1:Laws,Regulations,andGuidance-226" type="webcontent" adlcp:scormtype="asset" href="Module1/Lesson1/images/FGM101_M1_L1_S2_27.jpg">
		<file href="Module1/Lesson1/images/FGM101_M1_L1_S2_27.jpg"/>
	</resource>
	<resource identifier="RES-Grants101Module1:Laws,Regulations,andGuidance-227" type="webcontent" adlcp:scormtype="asset" href="Module1/Lesson1/images/FGM101_M1_L1_S2_28.jpg">
		<file href="Module1/Lesson1/images/FGM101_M1_L1_S2_28.jpg"/>
	</resource>
	<resource identifier="RES-Grants101Module1:Laws,Regulations,andGuidance-228" type="webcontent" adlcp:scormtype="asset" href="Module1/Lesson1/images/FGM101_M1_L1_S2_29.jpg">
		<file href="Module1/Lesson1/images/FGM101_M1_L1_S2_29.jpg"/>
	</resource>
	<resource identifier="RES-Grants101Module1:Laws,Regulations,andGuidance-229" type="webcontent" adlcp:scormtype="asset" href="Module1/Lesson1/images/FGM101_M1_L1_S3_50.jpg">
		<file href="Module1/Lesson1/images/FGM101_M1_L1_S3_50.jpg"/>
	</resource>
	<resource identifier="RES-Grants101Module1:Laws,Regulations,andGuidance-230" type="webcontent" adlcp:scormtype="asset" href="Module1/Lesson1/images/FGM101_M1_L1_S3_51.jpg">
		<file href="Module1/Lesson1/images/FGM101_M1_L1_S3_51.jpg"/>
	</resource>
	<resource identifier="RES-Grants101Module1:Laws,Regulations,andGuidance-231" type="webcontent" adlcp:scormtype="asset" href="Module1/Lesson1/images/FGM101_M1_L1_S3_52.jpg">
		<file href="Module1/Lesson1/images/FGM101_M1_L1_S3_52.jpg"/>
	</resource>
	<resource identifier="RES-Grants101Module1:Laws,Regulations,andGuidance-232" type="webcontent" adlcp:scormtype="asset" href="Module1/Lesson1/images/FGM101_M1_L1_S3_53.jpg">
		<file href="Module1/Lesson1/images/FGM101_M1_L1_S3_53.jpg"/>
	</resource>
	<resource identifier="RES-Grants101Module1:Laws,Regulations,andGuidance-233" type="webcontent" adlcp:scormtype="asset" href="Module1/Lesson1/images/FGM101_M1_L1_S3_54.jpg">
		<file href="Module1/Lesson1/images/FGM101_M1_L1_S3_54.jpg"/>
	</resource>
	<resource identifier="RES-Grants101Module1:Laws,Regulations,andGuidance-234" type="webcontent" adlcp:scormtype="asset" href="Module1/Lesson1/images/FGM101_M1_L1_S3_55.jpg">
		<file href="Module1/Lesson1/images/FGM101_M1_L1_S3_55.jpg"/>
	</resource>
	<resource identifier="RES-Grants101Module1:Laws,Regulations,andGuidance-235" type="webcontent" adlcp:scormtype="asset" href="Module1/Lesson1/images/FGM101_M1_L1_S3_56.jpg">
		<file href="Module1/Lesson1/images/FGM101_M1_L1_S3_56.jpg"/>
	</resource>
	<resource identifier="RES-Grants101Module1:Laws,Regulations,andGuidance-236" type="webcontent" adlcp:scormtype="asset" href="Module1/Lesson1/images/FGM101_M1_L1_S3_57.jpg">
		<file href="Module1/Lesson1/images/FGM101_M1_L1_S3_57.jpg"/>
	</resource>
	<resource identifier="RES-Grants101Module1:Laws,Regulations,andGuidance-237" type="webcontent" adlcp:scormtype="asset" href="Module1/Lesson1/images/FGM101_M1_L1_S3_58.jpg">
		<file href="Module1/Lesson1/images/FGM101_M1_L1_S3_58.jpg"/>
	</resource>
	<resource identifier="RES-Grants101Module1:Laws,Regulations,andGuidance-238" type="webcontent" adlcp:scormtype="asset" href="Module1/Lesson1/images/FGM101_M1_L1_S3_59.jpg">
		<file href="Module1/Lesson1/images/FGM101_M1_L1_S3_59.jpg"/>
	</resource>
	<resource identifier="RES-Grants101Module1:Laws,Regulations,andGuidance-239" type="webcontent" adlcp:scormtype="asset" href="Module1/Lesson1/images/FGM101_M1_L1_S3_60.jpg">
		<file href="Module1/Lesson1/images/FGM101_M1_L1_S3_60.jpg"/>
	</resource>
	<resource identifier="RES-Grants101Module1:Laws,Regulations,andGuidance-240" type="webcontent" adlcp:scormtype="asset" href="Module1/Lesson1/images/FGM101_M1_L1_S3_61.jpg">
		<file href="Module1/Lesson1/images/FGM101_M1_L1_S3_61.jpg"/>
	</resource>
	<resource identifier="RES-Grants101Module1:Laws,Regulations,andGuidance-241" type="webcontent" adlcp:scormtype="asset" href="Module1/Lesson1/images/FGM101_M1_L1_S3_62.jpg">
		<file href="Module1/Lesson1/images/FGM101_M1_L1_S3_62.jpg"/>
	</resource>
	<resource identifier="RES-Grants101Module1:Laws,Regulations,andGuidance-242" type="webcontent" adlcp:scormtype="asset" href="Module1/Lesson1/images/FGM101_M1_L1_S3_63.jpg">
		<file href="Module1/Lesson1/images/FGM101_M1_L1_S3_63.jpg"/>
	</resource>
	<resource identifier="RES-Grants101Module1:Laws,Regulations,andGuidance-243" type="webcontent" adlcp:scormtype="asset" href="Module1/Lesson1/images/FGM101_M1_L1_S3_64.jpg">
		<file href="Module1/Lesson1/images/FGM101_M1_L1_S3_64.jpg"/>
	</resource>
	<resource identifier="RES-Grants101Module1:Laws,Regulations,andGuidance-244" type="webcontent" adlcp:scormtype="asset" href="Module1/Lesson1/images/FGM101_M1_L1_S3_65.jpg">
		<file href="Module1/Lesson1/images/FGM101_M1_L1_S3_65.jpg"/>
	</resource>
	<resource identifier="RES-Grants101Module1:Laws,Regulations,andGuidance-245" type="webcontent" adlcp:scormtype="asset" href="Module1/Lesson1/images/FGM101_M1_L1_S3_66.jpg">
		<file href="Module1/Lesson1/images/FGM101_M1_L1_S3_66.jpg"/>
	</resource>
	<resource identifier="RES-Grants101Module1:Laws,Regulations,andGuidance-246" type="webcontent" adlcp:scormtype="asset" href="Module1/Lesson1/images/FGM101_M1_L1_S3_67.jpg">
		<file href="Module1/Lesson1/images/FGM101_M1_L1_S3_67.jpg"/>
	</resource>
	<resource identifier="RES-Grants101Module1:Laws,Regulations,andGuidance-247" type="webcontent" adlcp:scormtype="asset" href="Module1/Lesson1/images/FGM101_M1_L1_S3_68.jpg">
		<file href="Module1/Lesson1/images/FGM101_M1_L1_S3_68.jpg"/>
	</resource>
	<resource identifier="RES-Grants101Module1:Laws,Regulations,andGuidance-248" type="webcontent" adlcp:scormtype="asset" href="Module1/Lesson1/images/FGM101_M1_L1_S3_69.jpg">
		<file href="Module1/Lesson1/images/FGM101_M1_L1_S3_69.jpg"/>
	</resource>
	<resource identifier="RES-Grants101Module1:Laws,Regulations,andGuidance-249" type="webcontent" adlcp:scormtype="asset" href="Module1/Lesson1/images/FGM101_M1_L1_S3_70.jpg">
		<file href="Module1/Lesson1/images/FGM101_M1_L1_S3_70.jpg"/>
	</resource>
	<resource identifier="RES-Grants101Module1:Laws,Regulations,andGuidance-250" type="webcontent" adlcp:scormtype="asset" href="Module1/Lesson1/images/FGM101_M1_L1_S3_71.jpg">
		<file href="Module1/Lesson1/images/FGM101_M1_L1_S3_71.jpg"/>
	</resource>
	<resource identifier="RES-Grants101Module1:Laws,Regulations,andGuidance-251" type="webcontent" adlcp:scormtype="asset" href="Module1/Lesson1/images/FGM101_M1_L1_S3_72.jpg">
		<file href="Module1/Lesson1/images/FGM101_M1_L1_S3_72.jpg"/>
	</resource>
	<resource identifier="RES-Grants101Module1:Laws,Regulations,andGuidance-252" type="webcontent" adlcp:scormtype="asset" href="Module1/Lesson1/images/FGM101_M1_L1_S3_73.jpg">
		<file href="Module1/Lesson1/images/FGM101_M1_L1_S3_73.jpg"/>
	</resource>
	<resource identifier="RES-Grants101Module1:Laws,Regulations,andGuidance-253" type="webcontent" adlcp:scormtype="asset" href="Module1/Lesson1/images/FGM101_M1_L1_S3_74.jpg">
		<file href="Module1/Lesson1/images/FGM101_M1_L1_S3_74.jpg"/>
	</resource>
	<resource identifier="RES-Grants101Module1:Laws,Regulations,andGuidance-254" type="webcontent" adlcp:scormtype="asset" href="Module1/Lesson1/images/FGM101_M1_L1_S3_75.jpg">
		<file href="Module1/Lesson1/images/FGM101_M1_L1_S3_75.jpg"/>
	</resource>
	<resource identifier="RES-Grants101Module1:Laws,Regulations,andGuidance-255" type="webcontent" adlcp:scormtype="asset" href="Module1/Lesson1/images/FGM101_M1_L1_S3_76.jpg">
		<file href="Module1/Lesson1/images/FGM101_M1_L1_S3_76.jpg"/>
	</resource>
	<resource identifier="RES-Grants101Module1:Laws,Regulations,andGuidance-256" type="webcontent" adlcp:scormtype="asset" href="Module1/Lesson1/images/FGM101_M1_L1_S3_77.jpg">
		<file href="Module1/Lesson1/images/FGM101_M1_L1_S3_77.jpg"/>
	</resource>
	<resource identifier="RES-Grants101Module1:Laws,Regulations,andGuidance-257" type="webcontent" adlcp:scormtype="asset" href="Module1/Lesson1/images/FGM101_M1_L1_S3_78.jpg">
		<file href="Module1/Lesson1/images/FGM101_M1_L1_S3_78.jpg"/>
	</resource>
	<resource identifier="RES-Grants101Module1:Laws,Regulations,andGuidance-258" type="webcontent" adlcp:scormtype="asset" href="Module1/Lesson1/images/FGM101_M1_L1_S3_79.jpg">
		<file href="Module1/Lesson1/images/FGM101_M1_L1_S3_79.jpg"/>
	</resource>
	<resource identifier="RES-Grants101Module1:Laws,Regulations,andGuidance-259" type="webcontent" adlcp:scormtype="asset" href="Module1/Lesson1/images/FGM101_Objective.mp4">
		<file href="Module1/Lesson1/images/FGM101_Objective.mp4"/>
	</resource>
	<resource identifier="RES-Grants101Module1:Laws,Regulations,andGuidance-260" type="webcontent" adlcp:scormtype="asset" href="Module1/Lesson1/images/placeholder.png">
		<file href="Module1/Lesson1/images/placeholder.png"/>
	</resource>
	<resource identifier="RES-Grants101Module1:Laws,Regulations,andGuidance-261" type="webcontent" adlcp:scormtype="asset" href="Module1/Lesson1/images/Thumbs.db">
		<file href="Module1/Lesson1/images/Thumbs.db"/>
	</resource>
	<resource identifier="RES-Grants101Module1:Laws,Regulations,andGuidance-262" type="webcontent" adlcp:scormtype="asset" href="Module1/Lesson2/00000.htm">
		<file href="Module1/Lesson2/00000.htm"/>
	</resource>
	<resource identifier="RES-Grants101Module1:Laws,Regulations,andGuidance-263" type="webcontent" adlcp:scormtype="asset" href="Module1/Lesson2/00100.htm">
		<file href="Module1/Lesson2/00100.htm"/>
	</resource>
	<resource identifier="RES-Grants101Module1:Laws,Regulations,andGuidance-264" type="webcontent" adlcp:scormtype="asset" href="Module1/Lesson2/00200.htm">
		<file href="Module1/Lesson2/00200.htm"/>
	</resource>
	<resource identifier="RES-Grants101Module1:Laws,Regulations,andGuidance-265" type="webcontent" adlcp:scormtype="asset" href="Module1/Lesson2/00300.htm">
		<file href="Module1/Lesson2/00300.htm"/>
	</resource>
	<resource identifier="RES-Grants101Module1:Laws,Regulations,andGuidance-266" type="webcontent" adlcp:scormtype="asset" href="Module1/Lesson2/00400.htm">
		<file href="Module1/Lesson2/00400.htm"/>
	</resource>
	<resource identifier="RES-Grants101Module1:Laws,Regulations,andGuidance-267" type="webcontent" adlcp:scormtype="asset" href="Module1/Lesson2/00500.htm">
		<file href="Module1/Lesson2/00500.htm"/>
	</resource>
	<resource identifier="RES-Grants101Module1:Laws,Regulations,andGuidance-268" type="webcontent" adlcp:scormtype="asset" href="Module1/Lesson2/00600.htm">
		<file href="Module1/Lesson2/00600.htm"/>
	</resource>
	<resource identifier="RES-Grants101Module1:Laws,Regulations,andGuidance-269" type="webcontent" adlcp:scormtype="asset" href="Module1/Lesson2/00700.htm">
		<file href="Module1/Lesson2/00700.htm"/>
	</resource>
	<resource identifier="RES-Grants101Module1:Laws,Regulations,andGuidance-270" type="webcontent" adlcp:scormtype="asset" href="Module1/Lesson2/00800.htm">
		<file href="Module1/Lesson2/00800.htm"/>
	</resource>
	<resource identifier="RES-Grants101Module1:Laws,Regulations,andGuidance-271" type="webcontent" adlcp:scormtype="asset" href="Module1/Lesson2/00900.htm">
		<file href="Module1/Lesson2/00900.htm"/>
	</resource>
	<resource identifier="RES-Grants101Module1:Laws,Regulations,andGuidance-272" type="webcontent" adlcp:scormtype="asset" href="Module1/Lesson2/01000.htm">
		<file href="Module1/Lesson2/01000.htm"/>
	</resource>
	<resource identifier="RES-Grants101Module1:Laws,Regulations,andGuidance-273" type="webcontent" adlcp:scormtype="asset" href="Module1/Lesson2/01100.htm">
		<file href="Module1/Lesson2/01100.htm"/>
	</resource>
	<resource identifier="RES-Grants101Module1:Laws,Regulations,andGuidance-274" type="webcontent" adlcp:scormtype="asset" href="Module1/Lesson2/01200.htm">
		<file href="Module1/Lesson2/01200.htm"/>
	</resource>
	<resource identifier="RES-Grants101Module1:Laws,Regulations,andGuidance-275" type="webcontent" adlcp:scormtype="asset" href="Module1/Lesson2/01300.htm">
		<file href="Module1/Lesson2/01300.htm"/>
	</resource>
	<resource identifier="RES-Grants101Module1:Laws,Regulations,andGuidance-276" type="webcontent" adlcp:scormtype="asset" href="Module1/Lesson2/01400.htm">
		<file href="Module1/Lesson2/01400.htm"/>
	</resource>
	<resource identifier="RES-Grants101Module1:Laws,Regulations,andGuidance-277" type="webcontent" adlcp:scormtype="asset" href="Module1/Lesson2/01500.htm">
		<file href="Module1/Lesson2/01500.htm"/>
	</resource>
	<resource identifier="RES-Grants101Module1:Laws,Regulations,andGuidance-278" type="webcontent" adlcp:scormtype="asset" href="Module1/Lesson2/images/FGM101_M1_L2_S1_50.jpg">
		<file href="Module1/Lesson2/images/FGM101_M1_L2_S1_50.jpg"/>
	</resource>
	<resource identifier="RES-Grants101Module1:Laws,Regulations,andGuidance-279" type="webcontent" adlcp:scormtype="asset" href="Module1/Lesson2/images/FGM101_M1_L2_S1_51.jpg">
		<file href="Module1/Lesson2/images/FGM101_M1_L2_S1_51.jpg"/>
	</resource>
	<resource identifier="RES-Grants101Module1:Laws,Regulations,andGuidance-280" type="webcontent" adlcp:scormtype="asset" href="Module1/Lesson2/images/FGM101_M1_L2_S2_54.jpg">
		<file href="Module1/Lesson2/images/FGM101_M1_L2_S2_54.jpg"/>
	</resource>
	<resource identifier="RES-Grants101Module1:Laws,Regulations,andGuidance-281" type="webcontent" adlcp:scormtype="asset" href="Module1/Lesson2/images/FGM101_M1_L2_S2_55.jpg">
		<file href="Module1/Lesson2/images/FGM101_M1_L2_S2_55.jpg"/>
	</resource>
	<resource identifier="RES-Grants101Module1:Laws,Regulations,andGuidance-282" type="webcontent" adlcp:scormtype="asset" href="Module1/Lesson2/images/FGM101_M1_L2_S2_56.jpg">
		<file href="Module1/Lesson2/images/FGM101_M1_L2_S2_56.jpg"/>
	</resource>
	<resource identifier="RES-Grants101Module1:Laws,Regulations,andGuidance-283" type="webcontent" adlcp:scormtype="asset" href="Module1/Lesson2/images/FGM101_M1_L2_S2_57.jpg">
		<file href="Module1/Lesson2/images/FGM101_M1_L2_S2_57.jpg"/>
	</resource>
	<resource identifier="RES-Grants101Module1:Laws,Regulations,andGuidance-284" type="webcontent" adlcp:scormtype="asset" href="Module1/Lesson2/images/FGM101_M1_L2_S2_58.jpg">
		<file href="Module1/Lesson2/images/FGM101_M1_L2_S2_58.jpg"/>
	</resource>
	<resource identifier="RES-Grants101Module1:Laws,Regulations,andGuidance-285" type="webcontent" adlcp:scormtype="asset" href="Module1/Lesson2/images/FGM101_M1_L2_S2_59.jpg">
		<file href="Module1/Lesson2/images/FGM101_M1_L2_S2_59.jpg"/>
	</resource>
	<resource identifier="RES-Grants101Module1:Laws,Regulations,andGuidance-286" type="webcontent" adlcp:scormtype="asset" href="Module1/Lesson2/images/FGM101_M1_L2_S2_60.jpg">
		<file href="Module1/Lesson2/images/FGM101_M1_L2_S2_60.jpg"/>
	</resource>
	<resource identifier="RES-Grants101Module1:Laws,Regulations,andGuidance-287" type="webcontent" adlcp:scormtype="asset" href="Module1/Lesson2/images/FGM101_M1_L2_S2_61.jpg">
		<file href="Module1/Lesson2/images/FGM101_M1_L2_S2_61.jpg"/>
	</resource>
	<resource identifier="RES-Grants101Module1:Laws,Regulations,andGuidance-288" type="webcontent" adlcp:scormtype="asset" href="Module1/Lesson2/images/FGM101_M1_L2_S2_62.jpg">
		<file href="Module1/Lesson2/images/FGM101_M1_L2_S2_62.jpg"/>
	</resource>
	<resource identifier="RES-Grants101Module1:Laws,Regulations,andGuidance-289" type="webcontent" adlcp:scormtype="asset" href="Module1/Lesson2/images/FGM101_M1_L2_S2_63.jpg">
		<file href="Module1/Lesson2/images/FGM101_M1_L2_S2_63.jpg"/>
	</resource>
	<resource identifier="RES-Grants101Module1:Laws,Regulations,andGuidance-290" type="webcontent" adlcp:scormtype="asset" href="Module1/Lesson2/images/placeholder.png">
		<file href="Module1/Lesson2/images/placeholder.png"/>
	</resource>
	<resource identifier="RES-Grants101Module1:Laws,Regulations,andGuidance-291" type="webcontent" adlcp:scormtype="asset" href="Module1/Menu/menu.htm">
		<file href="Module1/Menu/menu.htm"/>
	</resource>
	<resource identifier="RES-Grants101Module1:Laws,Regulations,andGuidance-292" type="webcontent" adlcp:scormtype="asset" href="script/jwplayer.js">
		<file href="script/jwplayer.js"/>
	</resource>
	<resource identifier="RES-Grants101Module1:Laws,Regulations,andGuidance-293" type="webcontent" adlcp:scormtype="asset" href="script/main.js">
		<file href="script/main.js"/>
	</resource>
	<resource identifier="RES-Grants101Module1:Laws,Regulations,andGuidance-294" type="webcontent" adlcp:scormtype="asset" href="script/aFarkas-html5shiv-3.7.2-0-g40df868/aFarkas-html5shiv-40df868/.gitattributes">
		<file href="script/aFarkas-html5shiv-3.7.2-0-g40df868/aFarkas-html5shiv-40df868/.gitattributes"/>
	</resource>
	<resource identifier="RES-Grants101Module1:Laws,Regulations,andGuidance-295" type="webcontent" adlcp:scormtype="asset" href="script/aFarkas-html5shiv-3.7.2-0-g40df868/aFarkas-html5shiv-40df868/.gitignore">
		<file href="script/aFarkas-html5shiv-3.7.2-0-g40df868/aFarkas-html5shiv-40df868/.gitignore"/>
	</resource>
	<resource identifier="RES-Grants101Module1:Laws,Regulations,andGuidance-296" type="webcontent" adlcp:scormtype="asset" href="script/aFarkas-html5shiv-3.7.2-0-g40df868/aFarkas-html5shiv-40df868/bower.json">
		<file href="script/aFarkas-html5shiv-3.7.2-0-g40df868/aFarkas-html5shiv-40df868/bower.json"/>
	</resource>
	<resource identifier="RES-Grants101Module1:Laws,Regulations,andGuidance-297" type="webcontent" adlcp:scormtype="asset" href="script/aFarkas-html5shiv-3.7.2-0-g40df868/aFarkas-html5shiv-40df868/composer.json">
		<file href="script/aFarkas-html5shiv-3.7.2-0-g40df868/aFarkas-html5shiv-40df868/composer.json"/>
	</resource>
	<resource identifier="RES-Grants101Module1:Laws,Regulations,andGuidance-298" type="webcontent" adlcp:scormtype="asset" href="script/aFarkas-html5shiv-3.7.2-0-g40df868/aFarkas-html5shiv-40df868/Gruntfile.js">
		<file href="script/aFarkas-html5shiv-3.7.2-0-g40df868/aFarkas-html5shiv-40df868/Gruntfile.js"/>
	</resource>
	<resource identifier="RES-Grants101Module1:Laws,Regulations,andGuidance-299" type="webcontent" adlcp:scormtype="asset" href="script/aFarkas-html5shiv-3.7.2-0-g40df868/aFarkas-html5shiv-40df868/package.json">
		<file href="script/aFarkas-html5shiv-3.7.2-0-g40df868/aFarkas-html5shiv-40df868/package.json"/>
	</resource>
	<resource identifier="RES-Grants101Module1:Laws,Regulations,andGuidance-300" type="webcontent" adlcp:scormtype="asset" href="script/aFarkas-html5shiv-3.7.2-0-g40df868/aFarkas-html5shiv-40df868/readme.md">
		<file href="script/aFarkas-html5shiv-3.7.2-0-g40df868/aFarkas-html5shiv-40df868/readme.md"/>
	</resource>
	<resource identifier="RES-Grants101Module1:Laws,Regulations,andGuidance-301" type="webcontent" adlcp:scormtype="asset" href="script/aFarkas-html5shiv-3.7.2-0-g40df868/aFarkas-html5shiv-40df868/dist/html5shiv.js">
		<file href="script/aFarkas-html5shiv-3.7.2-0-g40df868/aFarkas-html5shiv-40df868/dist/html5shiv.js"/>
	</resource>
	<resource identifier="RES-Grants101Module1:Laws,Regulations,andGuidance-302" type="webcontent" adlcp:scormtype="asset" href="script/aFarkas-html5shiv-3.7.2-0-g40df868/aFarkas-html5shiv-40df868/dist/html5shiv.min.js">
		<file href="script/aFarkas-html5shiv-3.7.2-0-g40df868/aFarkas-html5shiv-40df868/dist/html5shiv.min.js"/>
	</resource>
	<resource identifier="RES-Grants101Module1:Laws,Regulations,andGuidance-303" type="webcontent" adlcp:scormtype="asset" href="script/aFarkas-html5shiv-3.7.2-0-g40df868/aFarkas-html5shiv-40df868/dist/html5shiv-printshiv.js">
		<file href="script/aFarkas-html5shiv-3.7.2-0-g40df868/aFarkas-html5shiv-40df868/dist/html5shiv-printshiv.js"/>
	</resource>
	<resource identifier="RES-Grants101Module1:Laws,Regulations,andGuidance-304" type="webcontent" adlcp:scormtype="asset" href="script/aFarkas-html5shiv-3.7.2-0-g40df868/aFarkas-html5shiv-40df868/dist/html5shiv-printshiv.min.js">
		<file href="script/aFarkas-html5shiv-3.7.2-0-g40df868/aFarkas-html5shiv-40df868/dist/html5shiv-printshiv.min.js"/>
	</resource>
	<resource identifier="RES-Grants101Module1:Laws,Regulations,andGuidance-305" type="webcontent" adlcp:scormtype="asset" href="script/aFarkas-html5shiv-3.7.2-0-g40df868/aFarkas-html5shiv-40df868/src/html5shiv.js">
		<file href="script/aFarkas-html5shiv-3.7.2-0-g40df868/aFarkas-html5shiv-40df868/src/html5shiv.js"/>
	</resource>
	<resource identifier="RES-Grants101Module1:Laws,Regulations,andGuidance-306" type="webcontent" adlcp:scormtype="asset" href="script/aFarkas-html5shiv-3.7.2-0-g40df868/aFarkas-html5shiv-40df868/src/html5shiv-printshiv.js">
		<file href="script/aFarkas-html5shiv-3.7.2-0-g40df868/aFarkas-html5shiv-40df868/src/html5shiv-printshiv.js"/>
	</resource>
	<resource identifier="RES-Grants101Module1:Laws,Regulations,andGuidance-307" type="webcontent" adlcp:scormtype="asset" href="script/aFarkas-html5shiv-3.7.2-0-g40df868/aFarkas-html5shiv-40df868/test/html5shiv.html">
		<file href="script/aFarkas-html5shiv-3.7.2-0-g40df868/aFarkas-html5shiv-40df868/test/html5shiv.html"/>
	</resource>
	<resource identifier="RES-Grants101Module1:Laws,Regulations,andGuidance-308" type="webcontent" adlcp:scormtype="asset" href="script/aFarkas-html5shiv-3.7.2-0-g40df868/aFarkas-html5shiv-40df868/test/iframe.1.html">
		<file href="script/aFarkas-html5shiv-3.7.2-0-g40df868/aFarkas-html5shiv-40df868/test/iframe.1.html"/>
	</resource>
	<resource identifier="RES-Grants101Module1:Laws,Regulations,andGuidance-309" type="webcontent" adlcp:scormtype="asset" href="script/aFarkas-html5shiv-3.7.2-0-g40df868/aFarkas-html5shiv-40df868/test/iframe.1-1.html">
		<file href="script/aFarkas-html5shiv-3.7.2-0-g40df868/aFarkas-html5shiv-40df868/test/iframe.1-1.html"/>
	</resource>
	<resource identifier="RES-Grants101Module1:Laws,Regulations,andGuidance-310" type="webcontent" adlcp:scormtype="asset" href="script/aFarkas-html5shiv-3.7.2-0-g40df868/aFarkas-html5shiv-40df868/test/iframe.1-2.html">
		<file href="script/aFarkas-html5shiv-3.7.2-0-g40df868/aFarkas-html5shiv-40df868/test/iframe.1-2.html"/>
	</resource>
	<resource identifier="RES-Grants101Module1:Laws,Regulations,andGuidance-311" type="webcontent" adlcp:scormtype="asset" href="script/aFarkas-html5shiv-3.7.2-0-g40df868/aFarkas-html5shiv-40df868/test/index.html">
		<file href="script/aFarkas-html5shiv-3.7.2-0-g40df868/aFarkas-html5shiv-40df868/test/index.html"/>
	</resource>
	<resource identifier="RES-Grants101Module1:Laws,Regulations,andGuidance-312" type="webcontent" adlcp:scormtype="asset" href="script/aFarkas-html5shiv-3.7.2-0-g40df868/aFarkas-html5shiv-40df868/test/mixed-test.html">
		<file href="script/aFarkas-html5shiv-3.7.2-0-g40df868/aFarkas-html5shiv-40df868/test/mixed-test.html"/>
	</resource>
	<resource identifier="RES-Grants101Module1:Laws,Regulations,andGuidance-313" type="webcontent" adlcp:scormtype="asset" href="script/aFarkas-html5shiv-3.7.2-0-g40df868/aFarkas-html5shiv-40df868/test/object-test.html">
		<file href="script/aFarkas-html5shiv-3.7.2-0-g40df868/aFarkas-html5shiv-40df868/test/object-test.html"/>
	</resource>
	<resource identifier="RES-Grants101Module1:Laws,Regulations,andGuidance-314" type="webcontent" adlcp:scormtype="asset" href="script/aFarkas-html5shiv-3.7.2-0-g40df868/aFarkas-html5shiv-40df868/test/perf.1.html">
		<file href="script/aFarkas-html5shiv-3.7.2-0-g40df868/aFarkas-html5shiv-40df868/test/perf.1.html"/>
	</resource>
	<resource identifier="RES-Grants101Module1:Laws,Regulations,andGuidance-315" type="webcontent" adlcp:scormtype="asset" href="script/aFarkas-html5shiv-3.7.2-0-g40df868/aFarkas-html5shiv-40df868/test/perf.2.html">
		<file href="script/aFarkas-html5shiv-3.7.2-0-g40df868/aFarkas-html5shiv-40df868/test/perf.2.html"/>
	</resource>
	<resource identifier="RES-Grants101Module1:Laws,Regulations,andGuidance-316" type="webcontent" adlcp:scormtype="asset" href="script/aFarkas-html5shiv-3.7.2-0-g40df868/aFarkas-html5shiv-40df868/test/style.all.css">
		<file href="script/aFarkas-html5shiv-3.7.2-0-g40df868/aFarkas-html5shiv-40df868/test/style.all.css"/>
	</resource>
	<resource identifier="RES-Grants101Module1:Laws,Regulations,andGuidance-317" type="webcontent" adlcp:scormtype="asset" href="script/aFarkas-html5shiv-3.7.2-0-g40df868/aFarkas-html5shiv-40df868/test/style.css">
		<file href="script/aFarkas-html5shiv-3.7.2-0-g40df868/aFarkas-html5shiv-40df868/test/style.css"/>
	</resource>
	<resource identifier="RES-Grants101Module1:Laws,Regulations,andGuidance-318" type="webcontent" adlcp:scormtype="asset" href="script/aFarkas-html5shiv-3.7.2-0-g40df868/aFarkas-html5shiv-40df868/test/style.print.css">
		<file href="script/aFarkas-html5shiv-3.7.2-0-g40df868/aFarkas-html5shiv-40df868/test/style.print.css"/>
	</resource>
	<resource identifier="RES-Grants101Module1:Laws,Regulations,andGuidance-319" type="webcontent" adlcp:scormtype="asset" href="script/aFarkas-html5shiv-3.7.2-0-g40df868/aFarkas-html5shiv-40df868/test/data/body-crash.jpg">
		<file href="script/aFarkas-html5shiv-3.7.2-0-g40df868/aFarkas-html5shiv-40df868/test/data/body-crash.jpg"/>
	</resource>
	<resource identifier="RES-Grants101Module1:Laws,Regulations,andGuidance-320" type="webcontent" adlcp:scormtype="asset" href="script/aFarkas-html5shiv-3.7.2-0-g40df868/aFarkas-html5shiv-40df868/test/data/iframed-tests.html">
		<file href="script/aFarkas-html5shiv-3.7.2-0-g40df868/aFarkas-html5shiv-40df868/test/data/iframed-tests.html"/>
	</resource>
	<resource identifier="RES-Grants101Module1:Laws,Regulations,andGuidance-321" type="webcontent" adlcp:scormtype="asset" href="script/aFarkas-html5shiv-3.7.2-0-g40df868/aFarkas-html5shiv-40df868/test/data/inline-mixed-media.css">
		<file href="script/aFarkas-html5shiv-3.7.2-0-g40df868/aFarkas-html5shiv-40df868/test/data/inline-mixed-media.css"/>
	</resource>
	<resource identifier="RES-Grants101Module1:Laws,Regulations,andGuidance-322" type="webcontent" adlcp:scormtype="asset" href="script/aFarkas-html5shiv-3.7.2-0-g40df868/aFarkas-html5shiv-40df868/test/data/inline-print-media.css">
		<file href="script/aFarkas-html5shiv-3.7.2-0-g40df868/aFarkas-html5shiv-40df868/test/data/inline-print-media.css"/>
	</resource>
	<resource identifier="RES-Grants101Module1:Laws,Regulations,andGuidance-323" type="webcontent" adlcp:scormtype="asset" href="script/aFarkas-html5shiv-3.7.2-0-g40df868/aFarkas-html5shiv-40df868/test/data/no-print.css">
		<file href="script/aFarkas-html5shiv-3.7.2-0-g40df868/aFarkas-html5shiv-40df868/test/data/no-print.css"/>
	</resource>
	<resource identifier="RES-Grants101Module1:Laws,Regulations,andGuidance-324" type="webcontent" adlcp:scormtype="asset" href="script/aFarkas-html5shiv-3.7.2-0-g40df868/aFarkas-html5shiv-40df868/test/data/paramtracer.swf">
		<file href="script/aFarkas-html5shiv-3.7.2-0-g40df868/aFarkas-html5shiv-40df868/test/data/paramtracer.swf"/>
	</resource>
	<resource identifier="RES-Grants101Module1:Laws,Regulations,andGuidance-325" type="webcontent" adlcp:scormtype="asset" href="script/aFarkas-html5shiv-3.7.2-0-g40df868/aFarkas-html5shiv-40df868/test/data/print.css">
		<file href="script/aFarkas-html5shiv-3.7.2-0-g40df868/aFarkas-html5shiv-40df868/test/data/print.css"/>
	</resource>
	<resource identifier="RES-Grants101Module1:Laws,Regulations,andGuidance-326" type="webcontent" adlcp:scormtype="asset" href="script/aFarkas-html5shiv-3.7.2-0-g40df868/aFarkas-html5shiv-40df868/test/data/print-styles.css">
		<file href="script/aFarkas-html5shiv-3.7.2-0-g40df868/aFarkas-html5shiv-40df868/test/data/print-styles.css"/>
	</resource>
	<resource identifier="RES-Grants101Module1:Laws,Regulations,andGuidance-327" type="webcontent" adlcp:scormtype="asset" href="script/aFarkas-html5shiv-3.7.2-0-g40df868/aFarkas-html5shiv-40df868/test/data/screen.css">
		<file href="script/aFarkas-html5shiv-3.7.2-0-g40df868/aFarkas-html5shiv-40df868/test/data/screen.css"/>
	</resource>
	<resource identifier="RES-Grants101Module1:Laws,Regulations,andGuidance-328" type="webcontent" adlcp:scormtype="asset" href="script/aFarkas-html5shiv-3.7.2-0-g40df868/aFarkas-html5shiv-40df868/test/highcharts/area-basic.html">
		<file href="script/aFarkas-html5shiv-3.7.2-0-g40df868/aFarkas-html5shiv-40df868/test/highcharts/area-basic.html"/>
	</resource>
	<resource identifier="RES-Grants101Module1:Laws,Regulations,andGuidance-329" type="webcontent" adlcp:scormtype="asset" href="script/aFarkas-html5shiv-3.7.2-0-g40df868/aFarkas-html5shiv-40df868/test/highcharts/highcharts.js">
		<file href="script/aFarkas-html5shiv-3.7.2-0-g40df868/aFarkas-html5shiv-40df868/test/highcharts/highcharts.js"/>
	</resource>
	<resource identifier="RES-Grants101Module1:Laws,Regulations,andGuidance-330" type="webcontent" adlcp:scormtype="asset" href="script/aFarkas-html5shiv-3.7.2-0-g40df868/aFarkas-html5shiv-40df868/test/jquery-1.7.1/index.html">
		<file href="script/aFarkas-html5shiv-3.7.2-0-g40df868/aFarkas-html5shiv-40df868/test/jquery-1.7.1/index.html"/>
	</resource>
	<resource identifier="RES-Grants101Module1:Laws,Regulations,andGuidance-331" type="webcontent" adlcp:scormtype="asset" href="script/aFarkas-html5shiv-3.7.2-0-g40df868/aFarkas-html5shiv-40df868/test/jquery-1.7.1/data/dashboard.xml">
		<file href="script/aFarkas-html5shiv-3.7.2-0-g40df868/aFarkas-html5shiv-40df868/test/jquery-1.7.1/data/dashboard.xml"/>
	</resource>
	<resource identifier="RES-Grants101Module1:Laws,Regulations,andGuidance-332" type="webcontent" adlcp:scormtype="asset" href="script/aFarkas-html5shiv-3.7.2-0-g40df868/aFarkas-html5shiv-40df868/test/jquery-1.7.1/data/iframe.html">
		<file href="script/aFarkas-html5shiv-3.7.2-0-g40df868/aFarkas-html5shiv-40df868/test/jquery-1.7.1/data/iframe.html"/>
	</resource>
	<resource identifier="RES-Grants101Module1:Laws,Regulations,andGuidance-333" type="webcontent" adlcp:scormtype="asset" href="script/aFarkas-html5shiv-3.7.2-0-g40df868/aFarkas-html5shiv-40df868/test/jquery-1.7.1/data/test.js">
		<file href="script/aFarkas-html5shiv-3.7.2-0-g40df868/aFarkas-html5shiv-40df868/test/jquery-1.7.1/data/test.js"/>
	</resource>
	<resource identifier="RES-Grants101Module1:Laws,Regulations,andGuidance-334" type="webcontent" adlcp:scormtype="asset" href="script/aFarkas-html5shiv-3.7.2-0-g40df868/aFarkas-html5shiv-40df868/test/jquery-1.7.1/data/testinit.js">
		<file href="script/aFarkas-html5shiv-3.7.2-0-g40df868/aFarkas-html5shiv-40df868/test/jquery-1.7.1/data/testinit.js"/>
	</resource>
	<resource identifier="RES-Grants101Module1:Laws,Regulations,andGuidance-335" type="webcontent" adlcp:scormtype="asset" href="script/aFarkas-html5shiv-3.7.2-0-g40df868/aFarkas-html5shiv-40df868/test/jquery-1.7.1/data/testrunner.js">
		<file href="script/aFarkas-html5shiv-3.7.2-0-g40df868/aFarkas-html5shiv-40df868/test/jquery-1.7.1/data/testrunner.js"/>
	</resource>
	<resource identifier="RES-Grants101Module1:Laws,Regulations,andGuidance-336" type="webcontent" adlcp:scormtype="asset" href="script/aFarkas-html5shiv-3.7.2-0-g40df868/aFarkas-html5shiv-40df868/test/jquery-1.7.1/data/testsuite.css">
		<file href="script/aFarkas-html5shiv-3.7.2-0-g40df868/aFarkas-html5shiv-40df868/test/jquery-1.7.1/data/testsuite.css"/>
	</resource>
	<resource identifier="RES-Grants101Module1:Laws,Regulations,andGuidance-337" type="webcontent" adlcp:scormtype="asset" href="script/aFarkas-html5shiv-3.7.2-0-g40df868/aFarkas-html5shiv-40df868/test/jquery-1.7.1/data/versioncheck.js">
		<file href="script/aFarkas-html5shiv-3.7.2-0-g40df868/aFarkas-html5shiv-40df868/test/jquery-1.7.1/data/versioncheck.js"/>
	</resource>
	<resource identifier="RES-Grants101Module1:Laws,Regulations,andGuidance-338" type="webcontent" adlcp:scormtype="asset" href="script/aFarkas-html5shiv-3.7.2-0-g40df868/aFarkas-html5shiv-40df868/test/jquery-1.7.1/unit/core.js">
		<file href="script/aFarkas-html5shiv-3.7.2-0-g40df868/aFarkas-html5shiv-40df868/test/jquery-1.7.1/unit/core.js"/>
	</resource>
	<resource identifier="RES-Grants101Module1:Laws,Regulations,andGuidance-339" type="webcontent" adlcp:scormtype="asset" href="script/aFarkas-html5shiv-3.7.2-0-g40df868/aFarkas-html5shiv-40df868/test/jquery-1.7.1/unit/manipulation.js">
		<file href="script/aFarkas-html5shiv-3.7.2-0-g40df868/aFarkas-html5shiv-40df868/test/jquery-1.7.1/unit/manipulation.js"/>
	</resource>
	<resource identifier="RES-Grants101Module1:Laws,Regulations,andGuidance-340" type="webcontent" adlcp:scormtype="asset" href="script/aFarkas-html5shiv-3.7.2-0-g40df868/aFarkas-html5shiv-40df868/test/jquery-1.7.1/unit/traversing.js">
		<file href="script/aFarkas-html5shiv-3.7.2-0-g40df868/aFarkas-html5shiv-40df868/test/jquery-1.7.1/unit/traversing.js"/>
	</resource>
	<resource identifier="RES-Grants101Module1:Laws,Regulations,andGuidance-341" type="webcontent" adlcp:scormtype="asset" href="script/aFarkas-html5shiv-3.7.2-0-g40df868/aFarkas-html5shiv-40df868/test/qunit/qunit.css">
		<file href="script/aFarkas-html5shiv-3.7.2-0-g40df868/aFarkas-html5shiv-40df868/test/qunit/qunit.css"/>
	</resource>
	<resource identifier="RES-Grants101Module1:Laws,Regulations,andGuidance-342" type="webcontent" adlcp:scormtype="asset" href="script/aFarkas-html5shiv-3.7.2-0-g40df868/aFarkas-html5shiv-40df868/test/qunit/qunit.js">
		<file href="script/aFarkas-html5shiv-3.7.2-0-g40df868/aFarkas-html5shiv-40df868/test/qunit/qunit.js"/>
	</resource>
	<resource identifier="RES-Grants101Module1:Laws,Regulations,andGuidance-343" type="webcontent" adlcp:scormtype="asset" href="script/aFarkas-html5shiv-3.7.2-0-g40df868/aFarkas-html5shiv-40df868/test/unit/tests.js">
		<file href="script/aFarkas-html5shiv-3.7.2-0-g40df868/aFarkas-html5shiv-40df868/test/unit/tests.js"/>
	</resource>
	<resource identifier="RES-Grants101Module1:Laws,Regulations,andGuidance-344" type="webcontent" adlcp:scormtype="asset" href="script/html5shiv/html5shiv.js">
		<file href="script/html5shiv/html5shiv.js"/>
	</resource>
	<resource identifier="RES-Grants101Module1:Laws,Regulations,andGuidance-345" type="webcontent" adlcp:scormtype="asset" href="script/html5shiv/html5shiv.min.js">
		<file href="script/html5shiv/html5shiv.min.js"/>
	</resource>
	<resource identifier="RES-Grants101Module1:Laws,Regulations,andGuidance-346" type="webcontent" adlcp:scormtype="asset" href="script/html5shiv/html5shiv-printshiv.js">
		<file href="script/html5shiv/html5shiv-printshiv.js"/>
	</resource>
	<resource identifier="RES-Grants101Module1:Laws,Regulations,andGuidance-347" type="webcontent" adlcp:scormtype="asset" href="script/html5shiv/html5shiv-printshiv.min.js">
		<file href="script/html5shiv/html5shiv-printshiv.min.js"/>
	</resource>
</resources>
</manifest>
