<?xml version="1.0" encoding="UTF-8"?>
<manifest xmlns="http://www.imsproject.org/xsd/imscp_rootv1p1p2" identifier="Uniform_Guidance_Risk_Management_and_Single_Audit" version="1.0" xmlns:adlcp="http://www.adlnet.org/xsd/adlcp_rootv1p2" xmlns:xsi="http://www.w3.org/2001/XMLSchema-instance" xsi:schemaLocation="http://www.imsproject.org/xsd/imscp_rootv1p1p2 imscp_rootv1p1p2.xsd http://www.imsglobal.org/xsd/imsmd_rootv1p2p1 imsmd_rootv1p2p1.xsd http://www.adlnet.org/xsd/adlcp_rootv1p2 adlcp_rootv1p2.xsd"><metadata><schema>ADL SCORM</schema><schemaversion>1.2</schemaversion><lom xmlns="http://www.imsglobal.org/xsd/imsmd_rootv1p2p1" xmlns:adlseq="http://www.adlnet.org/xsd/adlseq_v1p3" xmlns:xsi="http://www.w3.org/2001/XMLSchema-instance" xsi:schemaLocation="http://www.imsglobal.org/xsd/imsmd_rootv1p2p1 imsmd_rootv1p2p1.xsd"><general><title><langstring xml:lang="x-none">Uniform Guidance Risk Management and Single Audit</langstring></title><catalogentry><catalog>Adobe Captivate Course</catalog><entry><langstring xml:lang="x-none">Uniform_Guidance_Risk_Management_and_Single_Audit</langstring></entry></catalogentry><description><langstring xml:lang="x-none">At the completion of this course, you will have knowledge of the Uniform Guidance risk management and single audit review requirements. This includes pre-award activities to assess possible risks to the administration and implementation of an award and post-award oversight to ensure appropriate financial management, award implementation, and single audit compliance.</langstring></description><keyword><langstring xml:lang="x-none"></langstring></keyword></general><lifecycle><version><langstring xml:lang="x-none">2</langstring></version><status><source><langstring xml:lang="x-none">LOMv1.0</langstring></source><value><langstring xml:lang="x-none">Final</langstring></value></status></lifecycle><metametadata><metadatascheme>ADL SCORM 1.2</metadatascheme></metametadata><technical><format>text/html</format><location>.</location></technical><educational><typicallearningtime><datetime>00:00:00</datetime></typicallearningtime></educational><rights><cost><source><langstring xml:lang="x-none">LOMv1.0</langstring></source><value><langstring xml:lang="x-none">no</langstring></value></cost><copyrightandotherrestrictions><source><langstring xml:lang="x-none">LOMv1.0</langstring></source><value><langstring xml:lang="x-none">no</langstring></value></copyrightandotherrestrictions></rights><classification><purpose><source><langstring xml:lang="x-none">LOMv1.0</langstring></source><value><langstring xml:lang="x-none">Idea</langstring></value></purpose><description><langstring xml:lang="x-none">At the completion of this course, you will have knowledge of the Uniform Guidance risk management and single audit review requirements. This includes pre-award activities to assess possible risks to the administration and implementation of an award and post-award oversight to ensure appropriate financial management, award implementation, and single audit compliance.</langstring></description><keyword><langstring xml:lang="x-none">Adobe Captivate</langstring><langstring xml:lang="x-none"></langstring></keyword></classification></lom></metadata><organizations default="Uniform_Guidance_Risk_Management_and_Single_Audit_ORG"><organization identifier="Uniform_Guidance_Risk_Management_and_Single_Audit_ORG"><title>Uniform Guidance Risk Management and Single Audit</title><item identifierref="RES-Item_1" identifier="SCO-Item_1"><title>Lesson 1:  Review of Risk Posed by Applicants (Pre-Award Risk Assessment)</title><metadata><adlcp:location>Linear_Grants101_M5_L1_v1_SCORM1.2_metadata.xml</adlcp:location></metadata><adlcp:maxtimeallowed/><adlcp:datafromlms>.</adlcp:datafromlms><adlcp:masteryscore>80</adlcp:masteryscore><adlcp:timelimitaction>exit,message</adlcp:timelimitaction></item><item identifierref="RES-Item_2" identifier="SCO-Item_2"><title>Lesson 2:  Post-Award Monitoring</title><metadata><adlcp:location>Linear_Grants101_M5_L2_v1_SCORM1.2_metadata.xml</adlcp:location></metadata><adlcp:maxtimeallowed/><adlcp:datafromlms>.</adlcp:datafromlms><adlcp:masteryscore>80</adlcp:masteryscore><adlcp:timelimitaction>exit,message</adlcp:timelimitaction></item><item identifierref="RES-Item_3" identifier="SCO-Item_3"><title>Lesson 3:  Single Audit Review</title><metadata><adlcp:location>Linear_Grants101_M5_L3_v1_SCORM1.2_metadata.xml</adlcp:location></metadata><adlcp:maxtimeallowed/><adlcp:datafromlms>.</adlcp:datafromlms><adlcp:masteryscore>80</adlcp:masteryscore><adlcp:timelimitaction>exit,message</adlcp:timelimitaction></item></organization></organizations><resources><resource href="Linear/Grants101_M5_L1_v1_SCORM1.2/Grants101_M5_L1_v1_SCORM1.2.htm" adlcp:scormtype="sco" type="webcontent" identifier="RES-Item_1"><file href="Linear/Grants101_M5_L1_v1_SCORM1.2/Grants101_M5_L1_v1_SCORM1.2.swf"/><file href="Linear/Grants101_M5_L1_v1_SCORM1.2/Grants101_M5_L1_v1_SCORM1.2.htm"/><file href="Linear/Grants101_M5_L1_v1_SCORM1.2/scormdriver.js"/><file href="Linear/Grants101_M5_L1_v1_SCORM1.2/browsersniff.js"/><file href="Linear/Grants101_M5_L1_v1_SCORM1.2/SCORM_utilities.js"/><file href="Linear/Grants101_M5_L1_v1_SCORM1.2/Utilities.js"/><file href="Linear/Grants101_M5_L1_v1_SCORM1.2/standard.js"/><file href="Linear/Grants101_M5_L1_v1_SCORM1.2/captivate.css"/></resource><resource href="Linear/Grants101_M5_L2_v1_SCORM1.2/Grants101_M5_L2_v1_SCORM1.2.htm" adlcp:scormtype="sco" type="webcontent" identifier="RES-Item_2"><file href="Linear/Grants101_M5_L2_v1_SCORM1.2/Grants101_M5_L2_v1_SCORM1.2.swf"/><file href="Linear/Grants101_M5_L2_v1_SCORM1.2/Grants101_M5_L2_v1_SCORM1.2.htm"/><file href="Linear/Grants101_M5_L2_v1_SCORM1.2/scormdriver.js"/><file href="Linear/Grants101_M5_L2_v1_SCORM1.2/browsersniff.js"/><file href="Linear/Grants101_M5_L2_v1_SCORM1.2/SCORM_utilities.js"/><file href="Linear/Grants101_M5_L2_v1_SCORM1.2/Utilities.js"/><file href="Linear/Grants101_M5_L2_v1_SCORM1.2/standard.js"/><file href="Linear/Grants101_M5_L2_v1_SCORM1.2/captivate.css"/></resource><resource href="Linear/Grants101_M5_L3_v1_SCORM1.2/Grants101_M5_L3_v1_SCORM1.2.htm" adlcp:scormtype="sco" type="webcontent" identifier="RES-Item_3"><file href="Linear/Grants101_M5_L3_v1_SCORM1.2/Grants101_M5_L3_v1_SCORM1.2.swf"/><file href="Linear/Grants101_M5_L3_v1_SCORM1.2/Grants101_M5_L3_v1_SCORM1.2.htm"/><file href="Linear/Grants101_M5_L3_v1_SCORM1.2/scormdriver.js"/><file href="Linear/Grants101_M5_L3_v1_SCORM1.2/browsersniff.js"/><file href="Linear/Grants101_M5_L3_v1_SCORM1.2/SCORM_utilities.js"/><file href="Linear/Grants101_M5_L3_v1_SCORM1.2/Utilities.js"/><file href="Linear/Grants101_M5_L3_v1_SCORM1.2/standard.js"/><file href="Linear/Grants101_M5_L3_v1_SCORM1.2/captivate.css"/></resource></resources></manifest>