<?xml version="1.0" encoding="UTF-8"?>
<manifest xmlns="http://www.imsproject.org/xsd/imscp_rootv1p1p2" identifier="Uniform_Guidance_Subpart_E_Cost_Principles_" version="1.0" xmlns:adlcp="http://www.adlnet.org/xsd/adlcp_rootv1p2" xmlns:xsi="http://www.w3.org/2001/XMLSchema-instance" xsi:schemaLocation="http://www.imsproject.org/xsd/imscp_rootv1p1p2 imscp_rootv1p1p2.xsd http://www.imsglobal.org/xsd/imsmd_rootv1p2p1 imsmd_rootv1p2p1.xsd http://www.adlnet.org/xsd/adlcp_rootv1p2 adlcp_rootv1p2.xsd"><metadata><schema>ADL SCORM</schema><schemaversion>1.2</schemaversion><lom xmlns="http://www.imsglobal.org/xsd/imsmd_rootv1p2p1" xmlns:adlseq="http://www.adlnet.org/xsd/adlseq_v1p3" xmlns:xsi="http://www.w3.org/2001/XMLSchema-instance" xsi:schemaLocation="http://www.imsglobal.org/xsd/imsmd_rootv1p2p1 imsmd_rootv1p2p1.xsd"><general><title><langstring xml:lang="x-none">Uniform Guidance Subpart E Cost Principles </langstring></title><catalogentry><catalog>Adobe Captivate Course</catalog><entry><langstring xml:lang="x-none">Uniform_Guidance_Subpart_E_Cost_Principles_</langstring></entry></catalogentry><description><langstring xml:lang="x-none">At the completion of this course, you will have knowledge of the Uniform Guidance Subpart E cost principles including general principles, generally allowable costs, costs that require prior written approval, generally unallowable costs or costs that require further review, and finally the cost principles in practice.</langstring></description><keyword><langstring xml:lang="x-none"></langstring></keyword></general><lifecycle><version><langstring xml:lang="x-none">3</langstring></version><status><source><langstring xml:lang="x-none">LOMv1.0</langstring></source><value><langstring xml:lang="x-none">Final</langstring></value></status></lifecycle><metametadata><metadatascheme>ADL SCORM 1.2</metadatascheme></metametadata><technical><format>text/html</format><location>.</location></technical><educational><typicallearningtime><datetime>00:00:00</datetime></typicallearningtime></educational><rights><cost><source><langstring xml:lang="x-none">LOMv1.0</langstring></source><value><langstring xml:lang="x-none">no</langstring></value></cost><copyrightandotherrestrictions><source><langstring xml:lang="x-none">LOMv1.0</langstring></source><value><langstring xml:lang="x-none">no</langstring></value></copyrightandotherrestrictions></rights><classification><purpose><source><langstring xml:lang="x-none">LOMv1.0</langstring></source><value><langstring xml:lang="x-none">Idea</langstring></value></purpose><description><langstring xml:lang="x-none">At the completion of this course, you will have knowledge of the Uniform Guidance Subpart E cost principles including general principles, generally allowable costs, costs that require prior written approval, generally unallowable costs or costs that require further review, and finally the cost principles in practice.</langstring></description><keyword><langstring xml:lang="x-none">Adobe Captivate</langstring><langstring xml:lang="x-none"></langstring></keyword></classification></lom></metadata><organizations default="Uniform_Guidance_Subpart_E_Cost_Principles__ORG"><organization identifier="Uniform_Guidance_Subpart_E_Cost_Principles__ORG"><title>Uniform Guidance Subpart E Cost Principles </title><item identifierref="RES-Item_1" identifier="SCO-Item_1"><title>Lesson 1:  General Principles</title><metadata><adlcp:location>Linear_Grants101_M4_L1_v1_SCORM1.2_metadata.xml</adlcp:location></metadata><adlcp:maxtimeallowed/><adlcp:datafromlms>.</adlcp:datafromlms><adlcp:masteryscore>80</adlcp:masteryscore><adlcp:timelimitaction>exit,message</adlcp:timelimitaction></item><item identifierref="RES-Item_2" identifier="SCO-Item_2"><title>Lesson 2:  Generally Allowable Costs</title><metadata><adlcp:location>Linear_Grants101_M4_L2_v1_SCORM1.2_metadata.xml</adlcp:location></metadata><adlcp:maxtimeallowed/><adlcp:datafromlms>.</adlcp:datafromlms><adlcp:masteryscore>80</adlcp:masteryscore><adlcp:timelimitaction>exit,message</adlcp:timelimitaction></item><item identifierref="RES-Item_3" identifier="SCO-Item_3"><title>Lesson 3: Costs that Require Prior Written Approval</title><metadata><adlcp:location>Linear_Grants101_M4_L3_v1_SCORM1.2_metadata.xml</adlcp:location></metadata><adlcp:maxtimeallowed/><adlcp:datafromlms>.</adlcp:datafromlms><adlcp:masteryscore>80</adlcp:masteryscore><adlcp:timelimitaction>exit,message</adlcp:timelimitaction></item><item identifierref="RES-Item_4" identifier="SCO-Item_4"><title>Lesson 4:  Generally Unallowable Costs or Costs that Require Further Review </title><metadata><adlcp:location>Linear_Grants101_M4_L4_v1_SCORM1.2_metadata.xml</adlcp:location></metadata><adlcp:maxtimeallowed/><adlcp:datafromlms>.</adlcp:datafromlms><adlcp:masteryscore>80</adlcp:masteryscore><adlcp:timelimitaction>exit,message</adlcp:timelimitaction></item><item identifierref="RES-Item_5" identifier="SCO-Item_5"><title>Lesson 5:  The Cost Principles in Practice</title><metadata><adlcp:location>Linear_Grants101_M4_L5_v1_SCORM1.2_metadata.xml</adlcp:location></metadata><adlcp:maxtimeallowed/><adlcp:datafromlms>.</adlcp:datafromlms><adlcp:masteryscore>80</adlcp:masteryscore><adlcp:timelimitaction>exit,message</adlcp:timelimitaction></item></organization></organizations><resources><resource href="Linear/Grants101_M4_L1_v1_SCORM1.2/Grants101_M4_L1_v1_SCORM1.2.htm" adlcp:scormtype="sco" type="webcontent" identifier="RES-Item_1"><file href="Linear/Grants101_M4_L1_v1_SCORM1.2/Grants101_M4_L1_v1_SCORM1.2.swf"/><file href="Linear/Grants101_M4_L1_v1_SCORM1.2/Grants101_M4_L1_v1_SCORM1.2.htm"/><file href="Linear/Grants101_M4_L1_v1_SCORM1.2/scormdriver.js"/><file href="Linear/Grants101_M4_L1_v1_SCORM1.2/browsersniff.js"/><file href="Linear/Grants101_M4_L1_v1_SCORM1.2/SCORM_utilities.js"/><file href="Linear/Grants101_M4_L1_v1_SCORM1.2/Utilities.js"/><file href="Linear/Grants101_M4_L1_v1_SCORM1.2/standard.js"/><file href="Linear/Grants101_M4_L1_v1_SCORM1.2/captivate.css"/></resource><resource href="Linear/Grants101_M4_L2_v1_SCORM1.2/Grants101_M4_L2_v1_SCORM1.2.htm" adlcp:scormtype="sco" type="webcontent" identifier="RES-Item_2"><file href="Linear/Grants101_M4_L2_v1_SCORM1.2/Grants101_M4_L2_v1_SCORM1.2.swf"/><file href="Linear/Grants101_M4_L2_v1_SCORM1.2/Grants101_M4_L2_v1_SCORM1.2.htm"/><file href="Linear/Grants101_M4_L2_v1_SCORM1.2/scormdriver.js"/><file href="Linear/Grants101_M4_L2_v1_SCORM1.2/browsersniff.js"/><file href="Linear/Grants101_M4_L2_v1_SCORM1.2/SCORM_utilities.js"/><file href="Linear/Grants101_M4_L2_v1_SCORM1.2/Utilities.js"/><file href="Linear/Grants101_M4_L2_v1_SCORM1.2/standard.js"/><file href="Linear/Grants101_M4_L2_v1_SCORM1.2/captivate.css"/></resource><resource href="Linear/Grants101_M4_L3_v1_SCORM1.2/Grants101_M4_L3_v1_SCORM1.2.htm" adlcp:scormtype="sco" type="webcontent" identifier="RES-Item_3"><file href="Linear/Grants101_M4_L3_v1_SCORM1.2/Grants101_M4_L3_v1_SCORM1.2.swf"/><file href="Linear/Grants101_M4_L3_v1_SCORM1.2/Grants101_M4_L3_v1_SCORM1.2.htm"/><file href="Linear/Grants101_M4_L3_v1_SCORM1.2/scormdriver.js"/><file href="Linear/Grants101_M4_L3_v1_SCORM1.2/browsersniff.js"/><file href="Linear/Grants101_M4_L3_v1_SCORM1.2/SCORM_utilities.js"/><file href="Linear/Grants101_M4_L3_v1_SCORM1.2/Utilities.js"/><file href="Linear/Grants101_M4_L3_v1_SCORM1.2/standard.js"/><file href="Linear/Grants101_M4_L3_v1_SCORM1.2/captivate.css"/></resource><resource href="Linear/Grants101_M4_L4_v1_SCORM1.2/Grants101_M4_L4_v1_SCORM1.2.htm" adlcp:scormtype="sco" type="webcontent" identifier="RES-Item_4"><file href="Linear/Grants101_M4_L4_v1_SCORM1.2/Grants101_M4_L4_v1_SCORM1.2.swf"/><file href="Linear/Grants101_M4_L4_v1_SCORM1.2/Grants101_M4_L4_v1_SCORM1.2.htm"/><file href="Linear/Grants101_M4_L4_v1_SCORM1.2/scormdriver.js"/><file href="Linear/Grants101_M4_L4_v1_SCORM1.2/browsersniff.js"/><file href="Linear/Grants101_M4_L4_v1_SCORM1.2/SCORM_utilities.js"/><file href="Linear/Grants101_M4_L4_v1_SCORM1.2/Utilities.js"/><file href="Linear/Grants101_M4_L4_v1_SCORM1.2/standard.js"/><file href="Linear/Grants101_M4_L4_v1_SCORM1.2/captivate.css"/></resource><resource href="Linear/Grants101_M4_L5_v1_SCORM1.2/Grants101_M4_L5_v1_SCORM1.2.htm" adlcp:scormtype="sco" type="webcontent" identifier="RES-Item_5"><file href="Linear/Grants101_M4_L5_v1_SCORM1.2/Grants101_M4_L5_v1_SCORM1.2.swf"/><file href="Linear/Grants101_M4_L5_v1_SCORM1.2/Grants101_M4_L5_v1_SCORM1.2.htm"/><file href="Linear/Grants101_M4_L5_v1_SCORM1.2/scormdriver.js"/><file href="Linear/Grants101_M4_L5_v1_SCORM1.2/browsersniff.js"/><file href="Linear/Grants101_M4_L5_v1_SCORM1.2/SCORM_utilities.js"/><file href="Linear/Grants101_M4_L5_v1_SCORM1.2/Utilities.js"/><file href="Linear/Grants101_M4_L5_v1_SCORM1.2/standard.js"/><file href="Linear/Grants101_M4_L5_v1_SCORM1.2/captivate.css"/></resource></resources></manifest>